Initializing provider plugins...
- Reusing previous version of hashicorp/aws from the dependency lock file
- Installing hashicorp/aws v6.67.0...
- Installed hashicorp/aws v6.67.0 (signed by HashiCorp)

Terraform has been successfully initialized!

You may now begin working with Terraform. Try running "terraform plan" to see
any changes that are required for your infrastructure. All Terraform commands
should now work.

If you ever set or change modules or backend configuration for Terraform,
rerun this command to reinitialize your working directory. If you forget, other
commands will detect it and remind you to do so if necessary.
Success! The configuration is valid.


Terraform used the selected providers to generate the following execution
plan. Resource actions are indicated with the following symbols:
  + create

Terraform will perform the following actions:

  # aws_cloudwatch_log_group.api will be created
  + resource "aws_cloudwatch_log_group" "api" {
      + arn                         = (known after apply)
      + deletion_protection_enabled = (known after apply)
      + id                          = (known after apply)
      + kms_key_id                  = (known after apply)
      + log_group_class             = (known after apply)
      + name                        = "/opspilot/demo/api"
      + name_prefix                 = (known after apply)
      + region                      = "us-east-1"
      + retention_in_days           = 14
      + skip_destroy                = false
      + tags_all                    = {
          + "Environment" = "demo"
          + "ManagedBy"   = "terraform"
          + "Project"     = "opspilot-ai"
        }
    }

  # aws_cloudwatch_log_group.collector[0] will be created
  + resource "aws_cloudwatch_log_group" "collector" {
      + arn                         = (known after apply)
      + deletion_protection_enabled = (known after apply)
      + id                          = (known after apply)
      + kms_key_id                  = (known after apply)
      + log_group_class             = (known after apply)
      + name                        = "/opspilot/demo/otel-collector"
      + name_prefix                 = (known after apply)
      + region                      = "us-east-1"
      + retention_in_days           = 14
      + skip_destroy                = false
      + tags_all                    = {
          + "Environment" = "demo"
          + "ManagedBy"   = "terraform"
          + "Project"     = "opspilot-ai"
        }
    }

  # aws_cloudwatch_log_group.flow will be created
  + resource "aws_cloudwatch_log_group" "flow" {
      + arn                         = (known after apply)
      + deletion_protection_enabled = (known after apply)
      + id                          = (known after apply)
      + kms_key_id                  = (known after apply)
      + log_group_class             = (known after apply)
      + name                        = "/opspilot/demo/vpc-flow-rejects"
      + name_prefix                 = (known after apply)
      + region                      = "us-east-1"
      + retention_in_days           = 14
      + skip_destroy                = false
      + tags_all                    = {
          + "Environment" = "demo"
          + "ManagedBy"   = "terraform"
          + "Project"     = "opspilot-ai"
        }
    }

  # aws_cloudwatch_log_group.metrics[0] will be created
  + resource "aws_cloudwatch_log_group" "metrics" {
      + arn                         = (known after apply)
      + deletion_protection_enabled = (known after apply)
      + id                          = (known after apply)
      + kms_key_id                  = (known after apply)
      + log_group_class             = (known after apply)
      + name                        = "/opspilot/demo/metrics"
      + name_prefix                 = (known after apply)
      + region                      = "us-east-1"
      + retention_in_days           = 14
      + skip_destroy                = false
      + tags_all                    = {
          + "Environment" = "demo"
          + "ManagedBy"   = "terraform"
          + "Project"     = "opspilot-ai"
        }
    }

  # aws_cloudwatch_log_group.migrate will be created
  + resource "aws_cloudwatch_log_group" "migrate" {
      + arn                         = (known after apply)
      + deletion_protection_enabled = (known after apply)
      + id                          = (known after apply)
      + kms_key_id                  = (known after apply)
      + log_group_class             = (known after apply)
      + name                        = "/opspilot/demo/migrate"
      + name_prefix                 = (known after apply)
      + region                      = "us-east-1"
      + retention_in_days           = 14
      + skip_destroy                = false
      + tags_all                    = {
          + "Environment" = "demo"
          + "ManagedBy"   = "terraform"
          + "Project"     = "opspilot-ai"
        }
    }

  # aws_db_instance.main will be created
  + resource "aws_db_instance" "main" {
      + address                               = (known after apply)
      + allocated_storage                     = 20
      + apply_immediately                     = false
      + arn                                   = (known after apply)
      + auto_minor_version_upgrade            = true
      + availability_zone                     = (known after apply)
      + backup_retention_period               = 7
      + backup_target                         = (known after apply)
      + backup_window                         = (known after apply)
      + ca_cert_identifier                    = (known after apply)
      + character_set_name                    = (known after apply)
      + copy_tags_to_snapshot                 = true
      + database_insights_mode                = (known after apply)
      + db_name                               = "opspilot"
      + db_subnet_group_name                  = "opspilot-demo"
      + dedicated_log_volume                  = false
      + delete_automated_backups              = true
      + deletion_protection                   = true
      + domain_fqdn                           = (known after apply)
      + enabled_cloudwatch_logs_exports       = [
          + "postgresql",
        ]
      + endpoint                              = (known after apply)
      + engine                                = "postgres"
      + engine_lifecycle_support              = (known after apply)
      + engine_version                        = "17.6"
      + engine_version_actual                 = (known after apply)
      + final_snapshot_identifier             = "opspilot-demo-final"
      + hosted_zone_id                        = (known after apply)
      + iam_database_authentication_enabled   = false
      + id                                    = (known after apply)
      + identifier                            = "opspilot-demo"
      + identifier_prefix                     = (known after apply)
      + instance_class                        = "db.t4g.micro"
      + iops                                  = (known after apply)
      + kms_key_id                            = (known after apply)
      + latest_restorable_time                = (known after apply)
      + license_model                         = (known after apply)
      + listener_endpoint                     = (known after apply)
      + maintenance_window                    = (known after apply)
      + manage_master_user_password           = true
      + master_user_secret                    = (known after apply)
      + master_user_secret_kms_key_id         = (known after apply)
      + max_allocated_storage                 = 40
      + monitoring_interval                   = 0
      + monitoring_role_arn                   = (known after apply)
      + multi_az                              = false
      + nchar_character_set_name              = (known after apply)
      + network_type                          = (known after apply)
      + option_group_name                     = (known after apply)
      + parameter_group_name                  = "opspilot-demo"
      + password_wo                           = (write-only attribute)
      + performance_insights_enabled          = false
      + performance_insights_kms_key_id       = (known after apply)
      + performance_insights_retention_period = (known after apply)
      + port                                  = (known after apply)
      + publicly_accessible                   = false
      + region                                = "us-east-1"
      + replica_mode                          = (known after apply)
      + replicas                              = (known after apply)
      + resource_id                           = (known after apply)
      + skip_final_snapshot                   = false
      + snapshot_identifier                   = (known after apply)
      + status                                = (known after apply)
      + storage_encrypted                     = true
      + storage_throughput                    = (known after apply)
      + storage_type                          = "gp3"
      + tags_all                              = {
          + "Environment" = "demo"
          + "ManagedBy"   = "terraform"
          + "Project"     = "opspilot-ai"
        }
      + timezone                              = (known after apply)
      + upgrade_rollout_order                 = (known after apply)
      + username                              = "opspilot_admin"
      + vpc_security_group_ids                = (known after apply)
    }

  # aws_db_parameter_group.main will be created
  + resource "aws_db_parameter_group" "main" {
      + arn          = (known after apply)
      + description  = "Managed by Terraform"
      + family       = "postgres17"
      + id           = (known after apply)
      + name         = "opspilot-demo"
      + name_prefix  = (known after apply)
      + region       = "us-east-1"
      + skip_destroy = false
      + tags_all     = {
          + "Environment" = "demo"
          + "ManagedBy"   = "terraform"
          + "Project"     = "opspilot-ai"
        }

      + parameter {
          + apply_method = "immediate"
          + name         = "log_min_duration_statement"
          + value        = "1000"
        }
      + parameter {
          + apply_method = "immediate"
          + name         = "rds.force_ssl"
          + value        = "1"
        }
    }

  # aws_db_subnet_group.main will be created
  + resource "aws_db_subnet_group" "main" {
      + arn                     = (known after apply)
      + description             = "Managed by Terraform"
      + id                      = (known after apply)
      + name                    = "opspilot-demo"
      + name_prefix             = (known after apply)
      + region                  = "us-east-1"
      + subnet_ids              = (known after apply)
      + supported_network_types = (known after apply)
      + tags_all                = {
          + "Environment" = "demo"
          + "ManagedBy"   = "terraform"
          + "Project"     = "opspilot-ai"
        }
      + vpc_id                  = (known after apply)
    }

  # aws_default_security_group.main will be created
  + resource "aws_default_security_group" "main" {
      + arn                    = (known after apply)
      + description            = (known after apply)
      + egress                 = (known after apply)
      + id                     = (known after apply)
      + ingress                = (known after apply)
      + name                   = (known after apply)
      + name_prefix            = (known after apply)
      + owner_id               = (known after apply)
      + region                 = "us-east-1"
      + revoke_rules_on_delete = false
      + tags_all               = {
          + "Environment" = "demo"
          + "ManagedBy"   = "terraform"
          + "Project"     = "opspilot-ai"
        }
      + vpc_id                 = (known after apply)
    }

  # aws_ecr_lifecycle_policy.api will be created
  + resource "aws_ecr_lifecycle_policy" "api" {
      + id          = (known after apply)
      + policy      = jsonencode(
            {
              + rules = [
                  + {
                      + action       = {
                          + type = "expire"
                        }
                      + description  = "Keep the 20 most recent images"
                      + rulePriority = 1
                      + selection    = {
                          + countNumber = 20
                          + countType   = "imageCountMoreThan"
                          + tagStatus   = "any"
                        }
                    },
                ]
            }
        )
      + region      = "us-east-1"
      + registry_id = (known after apply)
      + repository  = "opspilot-demo"
    }

  # aws_ecr_repository.api will be created
  + resource "aws_ecr_repository" "api" {
      + arn                  = (known after apply)
      + id                   = (known after apply)
      + image_tag_mutability = "IMMUTABLE"
      + name                 = "opspilot-demo"
      + region               = "us-east-1"
      + registry_id          = (known after apply)
      + repository_url       = (known after apply)
      + tags_all             = {
          + "Environment" = "demo"
          + "ManagedBy"   = "terraform"
          + "Project"     = "opspilot-ai"
        }

      + encryption_configuration {
          + encryption_type = "KMS"
          + kms_key         = (known after apply)
        }

      + image_scanning_configuration {
          + scan_on_push = true
        }
    }

  # aws_ecs_cluster.main will be created
  + resource "aws_ecs_cluster" "main" {
      + arn      = (known after apply)
      + id       = (known after apply)
      + name     = "opspilot-demo"
      + region   = "us-east-1"
      + tags_all = {
          + "Environment" = "demo"
          + "ManagedBy"   = "terraform"
          + "Project"     = "opspilot-ai"
        }

      + setting {
          + name  = "containerInsights"
          + value = "enabled"
        }
    }

  # aws_ecs_service.api will be created
  + resource "aws_ecs_service" "api" {
      + arn                                = (known after apply)
      + availability_zone_rebalancing      = (known after apply)
      + cluster                            = (known after apply)
      + deployment_maximum_percent         = 200
      + deployment_minimum_healthy_percent = 100
      + desired_count                      = 1
      + enable_ecs_managed_tags            = false
      + enable_execute_command             = false
      + health_check_grace_period_seconds  = 30
      + iam_role                           = (known after apply)
      + id                                 = (known after apply)
      + launch_type                        = "FARGATE"
      + name                               = "opspilot-demo-api"
      + platform_version                   = "1.4.0"
      + propagate_tags                     = "SERVICE"
      + region                             = "us-east-1"
      + scheduling_strategy                = "REPLICA"
      + tags_all                           = {
          + "Environment" = "demo"
          + "ManagedBy"   = "terraform"
          + "Project"     = "opspilot-ai"
        }
      + task_definition                    = (known after apply)
      + triggers                           = (known after apply)
      + wait_for_steady_state              = false

      + deployment_circuit_breaker {
          + enable   = true
          + rollback = true
        }

      + deployment_configuration (known after apply)

      + load_balancer {
          + container_name   = "api"
          + container_port   = 8000
          + target_group_arn = (known after apply)
            # (1 unchanged attribute hidden)
        }

      + network_configuration {
          + assign_public_ip = true
          + security_groups  = (known after apply)
          + subnets          = (known after apply)
        }
    }

  # aws_ecs_task_definition.api will be created
  + resource "aws_ecs_task_definition" "api" {
      + arn                      = (known after apply)
      + arn_without_revision     = (known after apply)
      + container_definitions    = (known after apply)
      + cpu                      = "512"
      + enable_fault_injection   = (known after apply)
      + execution_role_arn       = (known after apply)
      + family                   = "opspilot-demo-api"
      + id                       = (known after apply)
      + memory                   = "1024"
      + network_mode             = "awsvpc"
      + region                   = "us-east-1"
      + requires_compatibilities = [
          + "FARGATE",
        ]
      + revision                 = (known after apply)
      + skip_destroy             = false
      + tags_all                 = {
          + "Environment" = "demo"
          + "ManagedBy"   = "terraform"
          + "Project"     = "opspilot-ai"
        }
      + task_role_arn            = (known after apply)
      + track_latest             = false

      + runtime_platform {
          + cpu_architecture        = "X86_64"
          + operating_system_family = "LINUX"
        }

      + volume {
          + configure_at_launch = (known after apply)
          + name                = "tmp"
            # (1 unchanged attribute hidden)
        }
    }

  # aws_ecs_task_definition.migrate will be created
  + resource "aws_ecs_task_definition" "migrate" {
      + arn                      = (known after apply)
      + arn_without_revision     = (known after apply)
      + container_definitions    = (known after apply)
      + cpu                      = "256"
      + enable_fault_injection   = (known after apply)
      + execution_role_arn       = (known after apply)
      + family                   = "opspilot-demo-migrate"
      + id                       = (known after apply)
      + memory                   = "512"
      + network_mode             = "awsvpc"
      + region                   = "us-east-1"
      + requires_compatibilities = [
          + "FARGATE",
        ]
      + revision                 = (known after apply)
      + skip_destroy             = false
      + tags_all                 = {
          + "Environment" = "demo"
          + "ManagedBy"   = "terraform"
          + "Project"     = "opspilot-ai"
        }
      + task_role_arn            = (known after apply)
      + track_latest             = false

      + runtime_platform {
          + cpu_architecture        = "X86_64"
          + operating_system_family = "LINUX"
        }
    }

  # aws_flow_log.vpc will be created
  + resource "aws_flow_log" "vpc" {
      + arn                      = (known after apply)
      + iam_role_arn             = (known after apply)
      + id                       = (known after apply)
      + log_destination          = (known after apply)
      + log_destination_type     = "cloud-watch-logs"
      + log_format               = (known after apply)
      + max_aggregation_interval = 600
      + region                   = "us-east-1"
      + tags_all                 = {
          + "Environment" = "demo"
          + "ManagedBy"   = "terraform"
          + "Project"     = "opspilot-ai"
        }
      + traffic_type             = "REJECT"
      + vpc_id                   = (known after apply)
    }

  # aws_iam_role.execution will be created
  + resource "aws_iam_role" "execution" {
      + arn                   = (known after apply)
      + assume_role_policy    = jsonencode(
            {
              + Statement = [
                  + {
                      + Action    = "sts:AssumeRole"
                      + Condition = {
                          + ArnLike      = {
                              + "aws:SourceArn" = "arn:aws:ecs:us-east-1:000000000000:*"
                            }
                          + StringEquals = {
                              + "aws:SourceAccount" = "000000000000"
                            }
                        }
                      + Effect    = "Allow"
                      + Principal = {
                          + Service = "ecs-tasks.amazonaws.com"
                        }
                    },
                ]
              + Version   = "2012-10-17"
            }
        )
      + create_date           = (known after apply)
      + force_detach_policies = false
      + id                    = (known after apply)
      + managed_policy_arns   = (known after apply)
      + max_session_duration  = 3600
      + name                  = "opspilot-demo-execution"
      + name_prefix           = (known after apply)
      + path                  = "/"
      + tags_all              = {
          + "Environment" = "demo"
          + "ManagedBy"   = "terraform"
          + "Project"     = "opspilot-ai"
        }
      + unique_id             = (known after apply)

      + inline_policy (known after apply)
    }

  # aws_iam_role.flow_logs will be created
  + resource "aws_iam_role" "flow_logs" {
      + arn                   = (known after apply)
      + assume_role_policy    = jsonencode(
            {
              + Statement = [
                  + {
                      + Action    = "sts:AssumeRole"
                      + Condition = {
                          + StringEquals = {
                              + "aws:SourceAccount" = "000000000000"
                            }
                        }
                      + Effect    = "Allow"
                      + Principal = {
                          + Service = "vpc-flow-logs.amazonaws.com"
                        }
                    },
                ]
              + Version   = "2012-10-17"
            }
        )
      + create_date           = (known after apply)
      + force_detach_policies = false
      + id                    = (known after apply)
      + managed_policy_arns   = (known after apply)
      + max_session_duration  = 3600
      + name                  = "opspilot-demo-flow-logs"
      + name_prefix           = (known after apply)
      + path                  = "/"
      + tags_all              = {
          + "Environment" = "demo"
          + "ManagedBy"   = "terraform"
          + "Project"     = "opspilot-ai"
        }
      + unique_id             = (known after apply)

      + inline_policy (known after apply)
    }

  # aws_iam_role.migrate will be created
  + resource "aws_iam_role" "migrate" {
      + arn                   = (known after apply)
      + assume_role_policy    = jsonencode(
            {
              + Statement = [
                  + {
                      + Action    = "sts:AssumeRole"
                      + Condition = {
                          + ArnLike      = {
                              + "aws:SourceArn" = "arn:aws:ecs:us-east-1:000000000000:*"
                            }
                          + StringEquals = {
                              + "aws:SourceAccount" = "000000000000"
                            }
                        }
                      + Effect    = "Allow"
                      + Principal = {
                          + Service = "ecs-tasks.amazonaws.com"
                        }
                    },
                ]
              + Version   = "2012-10-17"
            }
        )
      + create_date           = (known after apply)
      + force_detach_policies = false
      + id                    = (known after apply)
      + managed_policy_arns   = (known after apply)
      + max_session_duration  = 3600
      + name                  = "opspilot-demo-migrate"
      + name_prefix           = (known after apply)
      + path                  = "/"
      + tags_all              = {
          + "Environment" = "demo"
          + "ManagedBy"   = "terraform"
          + "Project"     = "opspilot-ai"
        }
      + unique_id             = (known after apply)

      + inline_policy (known after apply)
    }

  # aws_iam_role.task will be created
  + resource "aws_iam_role" "task" {
      + arn                   = (known after apply)
      + assume_role_policy    = jsonencode(
            {
              + Statement = [
                  + {
                      + Action    = "sts:AssumeRole"
                      + Condition = {
                          + ArnLike      = {
                              + "aws:SourceArn" = "arn:aws:ecs:us-east-1:000000000000:*"
                            }
                          + StringEquals = {
                              + "aws:SourceAccount" = "000000000000"
                            }
                        }
                      + Effect    = "Allow"
                      + Principal = {
                          + Service = "ecs-tasks.amazonaws.com"
                        }
                    },
                ]
              + Version   = "2012-10-17"
            }
        )
      + create_date           = (known after apply)
      + force_detach_policies = false
      + id                    = (known after apply)
      + managed_policy_arns   = (known after apply)
      + max_session_duration  = 3600
      + name                  = "opspilot-demo-task"
      + name_prefix           = (known after apply)
      + path                  = "/"
      + tags_all              = {
          + "Environment" = "demo"
          + "ManagedBy"   = "terraform"
          + "Project"     = "opspilot-ai"
        }
      + unique_id             = (known after apply)

      + inline_policy (known after apply)
    }

  # aws_iam_role_policy.execution will be created
  + resource "aws_iam_role_policy" "execution" {
      + id          = (known after apply)
      + name        = "least-privilege"
      + name_prefix = (known after apply)
      + policy      = (known after apply)
      + role        = (known after apply)
    }

  # aws_iam_role_policy.flow_logs will be created
  + resource "aws_iam_role_policy" "flow_logs" {
      + id          = (known after apply)
      + name        = "write-flow-logs"
      + name_prefix = (known after apply)
      + policy      = (known after apply)
      + role        = (known after apply)
    }

  # aws_iam_role_policy.task_collector[0] will be created
  + resource "aws_iam_role_policy" "task_collector" {
      + id          = (known after apply)
      + name        = "otel-collector-export"
      + name_prefix = (known after apply)
      + policy      = (known after apply)
      + role        = (known after apply)
    }

  # aws_internet_gateway.main will be created
  + resource "aws_internet_gateway" "main" {
      + arn      = (known after apply)
      + id       = (known after apply)
      + owner_id = (known after apply)
      + region   = "us-east-1"
      + tags_all = {
          + "Environment" = "demo"
          + "ManagedBy"   = "terraform"
          + "Project"     = "opspilot-ai"
        }
      + vpc_id   = (known after apply)
    }

  # aws_kms_alias.main will be created
  + resource "aws_kms_alias" "main" {
      + arn            = (known after apply)
      + id             = (known after apply)
      + name           = "alias/opspilot-demo"
      + name_prefix    = (known after apply)
      + region         = "us-east-1"
      + target_key_arn = (known after apply)
      + target_key_id  = (known after apply)
    }

  # aws_kms_key.main will be created
  + resource "aws_kms_key" "main" {
      + arn                                = (known after apply)
      + bypass_policy_lockout_safety_check = false
      + customer_master_key_spec           = "SYMMETRIC_DEFAULT"
      + deletion_window_in_days            = 30
      + description                        = "opspilot-demo data at rest"
      + enable_key_rotation                = true
      + id                                 = (known after apply)
      + is_enabled                         = true
      + key_id                             = (known after apply)
      + key_usage                          = "ENCRYPT_DECRYPT"
      + multi_region                       = (known after apply)
      + policy                             = jsonencode(
            {
              + Statement = [
                  + {
                      + Action    = "kms:*"
                      + Effect    = "Allow"
                      + Principal = {
                          + AWS = "arn:aws:iam::000000000000:root"
                        }
                      + Resource  = "*"
                      + Sid       = "AccountAdministration"
                    },
                  + {
                      + Action    = [
                          + "kms:Encrypt*",
                          + "kms:Decrypt*",
                          + "kms:ReEncrypt*",
                          + "kms:GenerateDataKey*",
                          + "kms:Describe*",
                        ]
                      + Condition = {
                          + ArnLike = {
                              + "kms:EncryptionContext:aws:logs:arn" = "arn:aws:logs:us-east-1:000000000000:log-group:/opspilot/demo/*"
                            }
                        }
                      + Effect    = "Allow"
                      + Principal = {
                          + Service = "logs.us-east-1.amazonaws.com"
                        }
                      + Resource  = "*"
                      + Sid       = "CloudWatchLogs"
                    },
                ]
              + Version   = "2012-10-17"
            }
        )
      + region                             = "us-east-1"
      + rotation_period_in_days            = (known after apply)
      + tags_all                           = {
          + "Environment" = "demo"
          + "ManagedBy"   = "terraform"
          + "Project"     = "opspilot-ai"
        }
    }

  # aws_lb.api will be created
  + resource "aws_lb" "api" {
      + arn                                                          = (known after apply)
      + arn_suffix                                                   = (known after apply)
      + client_keep_alive                                            = 3600
      + desync_mitigation_mode                                       = "defensive"
      + dns_name                                                     = (known after apply)
      + drop_invalid_header_fields                                   = true
      + enable_deletion_protection                                   = true
      + enable_http2                                                 = true
      + enable_prefix_for_ipv6_source_nat                            = (known after apply)
      + enable_tls_version_and_cipher_suite_headers                  = false
      + enable_waf_fail_open                                         = false
      + enable_xff_client_port                                       = false
      + enable_zonal_shift                                           = false
      + enforce_security_group_inbound_rules_on_private_link_traffic = (known after apply)
      + id                                                           = (known after apply)
      + idle_timeout                                                 = 75
      + internal                                                     = false
      + ip_address_type                                              = (known after apply)
      + load_balancer_type                                           = "application"
      + name                                                         = "opspilot-demo"
      + name_prefix                                                  = (known after apply)
      + preserve_host_header                                         = false
      + region                                                       = "us-east-1"
      + secondary_ips_auto_assigned_per_subnet                       = (known after apply)
      + security_groups                                              = (known after apply)
      + subnets                                                      = (known after apply)
      + tags_all                                                     = {
          + "Environment" = "demo"
          + "ManagedBy"   = "terraform"
          + "Project"     = "opspilot-ai"
        }
      + vpc_id                                                       = (known after apply)
      + xff_header_processing_mode                                   = "append"
      + zone_id                                                      = (known after apply)

      + subnet_mapping (known after apply)
    }

  # aws_lb_listener.http_redirect will be created
  + resource "aws_lb_listener" "http_redirect" {
      + arn                                                                   = (known after apply)
      + id                                                                    = (known after apply)
      + load_balancer_arn                                                     = (known after apply)
      + port                                                                  = 80
      + protocol                                                              = "HTTP"
      + region                                                                = "us-east-1"
      + routing_http_request_x_amzn_mtls_clientcert_header_name               = (known after apply)
      + routing_http_request_x_amzn_mtls_clientcert_issuer_header_name        = (known after apply)
      + routing_http_request_x_amzn_mtls_clientcert_leaf_header_name          = (known after apply)
      + routing_http_request_x_amzn_mtls_clientcert_serial_number_header_name = (known after apply)
      + routing_http_request_x_amzn_mtls_clientcert_subject_header_name       = (known after apply)
      + routing_http_request_x_amzn_mtls_clientcert_validity_header_name      = (known after apply)
      + routing_http_request_x_amzn_tls_cipher_suite_header_name              = (known after apply)
      + routing_http_request_x_amzn_tls_version_header_name                   = (known after apply)
      + routing_http_response_access_control_allow_credentials_header_value   = (known after apply)
      + routing_http_response_access_control_allow_headers_header_value       = (known after apply)
      + routing_http_response_access_control_allow_methods_header_value       = (known after apply)
      + routing_http_response_access_control_allow_origin_header_value        = (known after apply)
      + routing_http_response_access_control_expose_headers_header_value      = (known after apply)
      + routing_http_response_access_control_max_age_header_value             = (known after apply)
      + routing_http_response_content_security_policy_header_value            = (known after apply)
      + routing_http_response_server_enabled                                  = (known after apply)
      + routing_http_response_strict_transport_security_header_value          = (known after apply)
      + routing_http_response_x_content_type_options_header_value             = (known after apply)
      + routing_http_response_x_frame_options_header_value                    = (known after apply)
      + ssl_policy                                                            = (known after apply)
      + tags_all                                                              = {
          + "Environment" = "demo"
          + "ManagedBy"   = "terraform"
          + "Project"     = "opspilot-ai"
        }
      + tcp_idle_timeout_seconds                                              = (known after apply)

      + default_action {
          + order = (known after apply)
          + type  = "redirect"

          + redirect {
              + host        = "#{host}"
              + path        = "/#{path}"
              + port        = "443"
              + protocol    = "HTTPS"
              + query       = "#{query}"
              + status_code = "HTTP_301"
            }
        }

      + mutual_authentication (known after apply)
    }

  # aws_lb_listener.https will be created
  + resource "aws_lb_listener" "https" {
      + arn                                                                   = (known after apply)
      + certificate_arn                                                       = "arn:aws:acm:us-east-1:000000000000:certificate/00000000-0000-0000-0000-000000000000"
      + id                                                                    = (known after apply)
      + load_balancer_arn                                                     = (known after apply)
      + port                                                                  = 443
      + protocol                                                              = "HTTPS"
      + region                                                                = "us-east-1"
      + routing_http_request_x_amzn_mtls_clientcert_header_name               = (known after apply)
      + routing_http_request_x_amzn_mtls_clientcert_issuer_header_name        = (known after apply)
      + routing_http_request_x_amzn_mtls_clientcert_leaf_header_name          = (known after apply)
      + routing_http_request_x_amzn_mtls_clientcert_serial_number_header_name = (known after apply)
      + routing_http_request_x_amzn_mtls_clientcert_subject_header_name       = (known after apply)
      + routing_http_request_x_amzn_mtls_clientcert_validity_header_name      = (known after apply)
      + routing_http_request_x_amzn_tls_cipher_suite_header_name              = (known after apply)
      + routing_http_request_x_amzn_tls_version_header_name                   = (known after apply)
      + routing_http_response_access_control_allow_credentials_header_value   = (known after apply)
      + routing_http_response_access_control_allow_headers_header_value       = (known after apply)
      + routing_http_response_access_control_allow_methods_header_value       = (known after apply)
      + routing_http_response_access_control_allow_origin_header_value        = (known after apply)
      + routing_http_response_access_control_expose_headers_header_value      = (known after apply)
      + routing_http_response_access_control_max_age_header_value             = (known after apply)
      + routing_http_response_content_security_policy_header_value            = (known after apply)
      + routing_http_response_server_enabled                                  = (known after apply)
      + routing_http_response_strict_transport_security_header_value          = (known after apply)
      + routing_http_response_x_content_type_options_header_value             = (known after apply)
      + routing_http_response_x_frame_options_header_value                    = (known after apply)
      + ssl_policy                                                            = "ELBSecurityPolicy-TLS13-1-2-2021-06"
      + tags_all                                                              = {
          + "Environment" = "demo"
          + "ManagedBy"   = "terraform"
          + "Project"     = "opspilot-ai"
        }
      + tcp_idle_timeout_seconds                                              = (known after apply)

      + default_action {
          + order            = (known after apply)
          + target_group_arn = (known after apply)
          + type             = "forward"
        }

      + mutual_authentication (known after apply)
    }

  # aws_lb_target_group.api will be created
  + resource "aws_lb_target_group" "api" {
      + arn                                = (known after apply)
      + arn_suffix                         = (known after apply)
      + connection_termination             = (known after apply)
      + deregistration_delay               = "20"
      + id                                 = (known after apply)
      + ip_address_type                    = (known after apply)
      + lambda_multi_value_headers_enabled = false
      + load_balancer_arns                 = (known after apply)
      + load_balancing_algorithm_type      = (known after apply)
      + load_balancing_anomaly_mitigation  = (known after apply)
      + load_balancing_cross_zone_enabled  = (known after apply)
      + name                               = "opspilot-demo"
      + name_prefix                        = (known after apply)
      + port                               = 8000
      + preserve_client_ip                 = (known after apply)
      + protocol                           = "HTTP"
      + protocol_version                   = (known after apply)
      + proxy_protocol_v2                  = false
      + region                             = "us-east-1"
      + slow_start                         = 0
      + tags_all                           = {
          + "Environment" = "demo"
          + "ManagedBy"   = "terraform"
          + "Project"     = "opspilot-ai"
        }
      + target_type                        = "ip"
      + vpc_id                             = (known after apply)

      + health_check {
          + enabled             = true
          + healthy_threshold   = 2
          + interval            = 15
          + matcher             = "200"
          + path                = "/ready"
          + port                = "traffic-port"
          + protocol            = "HTTP"
          + timeout             = 5
          + unhealthy_threshold = 3
        }

      + stickiness (known after apply)

      + target_failover (known after apply)

      + target_group_health (known after apply)

      + target_health_state (known after apply)
    }

  # aws_route_table.private will be created
  + resource "aws_route_table" "private" {
      + arn              = (known after apply)
      + id               = (known after apply)
      + owner_id         = (known after apply)
      + propagating_vgws = (known after apply)
      + region           = "us-east-1"
      + route            = (known after apply)
      + tags_all         = {
          + "Environment" = "demo"
          + "ManagedBy"   = "terraform"
          + "Project"     = "opspilot-ai"
        }
      + vpc_id           = (known after apply)
    }

  # aws_route_table.public will be created
  + resource "aws_route_table" "public" {
      + arn              = (known after apply)
      + id               = (known after apply)
      + owner_id         = (known after apply)
      + propagating_vgws = (known after apply)
      + region           = "us-east-1"
      + route            = [
          + {
              + cidr_block                 = "0.0.0.0/0"
              + gateway_id                 = (known after apply)
                # (12 unchanged attributes hidden)
            },
        ]
      + tags_all         = {
          + "Environment" = "demo"
          + "ManagedBy"   = "terraform"
          + "Project"     = "opspilot-ai"
        }
      + vpc_id           = (known after apply)
    }

  # aws_route_table_association.private[0] will be created
  + resource "aws_route_table_association" "private" {
      + id             = (known after apply)
      + region         = "us-east-1"
      + route_table_id = (known after apply)
      + subnet_id      = (known after apply)
    }

  # aws_route_table_association.private[1] will be created
  + resource "aws_route_table_association" "private" {
      + id             = (known after apply)
      + region         = "us-east-1"
      + route_table_id = (known after apply)
      + subnet_id      = (known after apply)
    }

  # aws_route_table_association.public[0] will be created
  + resource "aws_route_table_association" "public" {
      + id             = (known after apply)
      + region         = "us-east-1"
      + route_table_id = (known after apply)
      + subnet_id      = (known after apply)
    }

  # aws_route_table_association.public[1] will be created
  + resource "aws_route_table_association" "public" {
      + id             = (known after apply)
      + region         = "us-east-1"
      + route_table_id = (known after apply)
      + subnet_id      = (known after apply)
    }

  # aws_secretsmanager_secret.app["DATABASE_URL"] will be created
  + resource "aws_secretsmanager_secret" "app" {
      + arn                            = (known after apply)
      + description                    = "Runtime role opspilot_app: postgresql+asyncpg://opspilot_app:<urlencoded>@<rds-endpoint>:5432/opspilot?ssl=require"
      + force_overwrite_replica_secret = false
      + id                             = (known after apply)
      + kms_key_id                     = (known after apply)
      + name                           = "opspilot-demo/database-url"
      + name_prefix                    = (known after apply)
      + policy                         = (known after apply)
      + recovery_window_in_days        = 7
      + region                         = "us-east-1"
      + tags_all                       = {
          + "Environment" = "demo"
          + "ManagedBy"   = "terraform"
          + "Project"     = "opspilot-ai"
        }
    }

  # aws_secretsmanager_secret.app["GITLAB_TOKEN"] will be created
  + resource "aws_secretsmanager_secret" "app" {
      + arn                            = (known after apply)
      + description                    = "Project access token, Reporter, scope api, short expiry"
      + force_overwrite_replica_secret = false
      + id                             = (known after apply)
      + kms_key_id                     = (known after apply)
      + name                           = "opspilot-demo/gitlab-token"
      + name_prefix                    = (known after apply)
      + policy                         = (known after apply)
      + recovery_window_in_days        = 7
      + region                         = "us-east-1"
      + tags_all                       = {
          + "Environment" = "demo"
          + "ManagedBy"   = "terraform"
          + "Project"     = "opspilot-ai"
        }
    }

  # aws_secretsmanager_secret.app["OPENAI_API_KEY"] will be created
  + resource "aws_secretsmanager_secret" "app" {
      + arn                            = (known after apply)
      + description                    = "OpenAI project key with a spend limit"
      + force_overwrite_replica_secret = false
      + id                             = (known after apply)
      + kms_key_id                     = (known after apply)
      + name                           = "opspilot-demo/openai-api-key"
      + name_prefix                    = (known after apply)
      + policy                         = (known after apply)
      + recovery_window_in_days        = 7
      + region                         = "us-east-1"
      + tags_all                       = {
          + "Environment" = "demo"
          + "ManagedBy"   = "terraform"
          + "Project"     = "opspilot-ai"
        }
    }

  # aws_secretsmanager_secret.app["TENANT_TOKENS"] will be created
  + resource "aws_secretsmanager_secret" "app" {
      + arn                            = (known after apply)
      + description                    = "JSON token -> principal map (>=32 random characters per token)"
      + force_overwrite_replica_secret = false
      + id                             = (known after apply)
      + kms_key_id                     = (known after apply)
      + name                           = "opspilot-demo/tenant-tokens"
      + name_prefix                    = (known after apply)
      + policy                         = (known after apply)
      + recovery_window_in_days        = 7
      + region                         = "us-east-1"
      + tags_all                       = {
          + "Environment" = "demo"
          + "ManagedBy"   = "terraform"
          + "Project"     = "opspilot-ai"
        }
    }

  # aws_secretsmanager_secret.migration["MIGRATION_DATABASE_URL"] will be created
  + resource "aws_secretsmanager_secret" "migration" {
      + arn                            = (known after apply)
      + description                    = "Owner role used only by the one-off migration task (ssl=require)"
      + force_overwrite_replica_secret = false
      + id                             = (known after apply)
      + kms_key_id                     = (known after apply)
      + name                           = "opspilot-demo/migration-database-url"
      + name_prefix                    = (known after apply)
      + policy                         = (known after apply)
      + recovery_window_in_days        = 7
      + region                         = "us-east-1"
      + tags_all                       = {
          + "Environment" = "demo"
          + "ManagedBy"   = "terraform"
          + "Project"     = "opspilot-ai"
        }
    }

  # aws_security_group.alb will be created
  + resource "aws_security_group" "alb" {
      + arn                    = (known after apply)
      + description            = "Public HTTPS entry point"
      + egress                 = (known after apply)
      + id                     = (known after apply)
      + ingress                = (known after apply)
      + name                   = "opspilot-demo-alb"
      + name_prefix            = (known after apply)
      + owner_id               = (known after apply)
      + region                 = "us-east-1"
      + revoke_rules_on_delete = false
      + tags_all               = {
          + "Environment" = "demo"
          + "ManagedBy"   = "terraform"
          + "Project"     = "opspilot-ai"
        }
      + vpc_id                 = (known after apply)
    }

  # aws_security_group.api will be created
  + resource "aws_security_group" "api" {
      + arn                    = (known after apply)
      + description            = "API tasks: inbound from the ALB only"
      + egress                 = (known after apply)
      + id                     = (known after apply)
      + ingress                = (known after apply)
      + name                   = "opspilot-demo-api"
      + name_prefix            = (known after apply)
      + owner_id               = (known after apply)
      + region                 = "us-east-1"
      + revoke_rules_on_delete = false
      + tags_all               = {
          + "Environment" = "demo"
          + "ManagedBy"   = "terraform"
          + "Project"     = "opspilot-ai"
        }
      + vpc_id                 = (known after apply)
    }

  # aws_security_group.db will be created
  + resource "aws_security_group" "db" {
      + arn                    = (known after apply)
      + description            = "RDS: inbound from API and migration tasks only; no egress"
      + egress                 = (known after apply)
      + id                     = (known after apply)
      + ingress                = (known after apply)
      + name                   = "opspilot-demo-db"
      + name_prefix            = (known after apply)
      + owner_id               = (known after apply)
      + region                 = "us-east-1"
      + revoke_rules_on_delete = false
      + tags_all               = {
          + "Environment" = "demo"
          + "ManagedBy"   = "terraform"
          + "Project"     = "opspilot-ai"
        }
      + vpc_id                 = (known after apply)
    }

  # aws_subnet.private[0] will be created
  + resource "aws_subnet" "private" {
      + arn                                            = (known after apply)
      + assign_ipv6_address_on_creation                = false
      + availability_zone                              = "us-east-1a"
      + availability_zone_id                           = (known after apply)
      + cidr_block                                     = "10.40.10.0/24"
      + enable_dns64                                   = false
      + enable_resource_name_dns_a_record_on_launch    = false
      + enable_resource_name_dns_aaaa_record_on_launch = false
      + id                                             = (known after apply)
      + ipv6_cidr_block                                = (known after apply)
      + ipv6_cidr_block_association_id                 = (known after apply)
      + ipv6_native                                    = false
      + map_public_ip_on_launch                        = false
      + owner_id                                       = (known after apply)
      + private_dns_hostname_type_on_launch            = (known after apply)
      + region                                         = "us-east-1"
      + tags                                           = {
          + "Name" = "opspilot-demo-private-0"
          + "Tier" = "private"
        }
      + tags_all                                       = {
          + "Environment" = "demo"
          + "ManagedBy"   = "terraform"
          + "Name"        = "opspilot-demo-private-0"
          + "Project"     = "opspilot-ai"
          + "Tier"        = "private"
        }
      + vpc_id                                         = (known after apply)
    }

  # aws_subnet.private[1] will be created
  + resource "aws_subnet" "private" {
      + arn                                            = (known after apply)
      + assign_ipv6_address_on_creation                = false
      + availability_zone                              = "us-east-1b"
      + availability_zone_id                           = (known after apply)
      + cidr_block                                     = "10.40.11.0/24"
      + enable_dns64                                   = false
      + enable_resource_name_dns_a_record_on_launch    = false
      + enable_resource_name_dns_aaaa_record_on_launch = false
      + id                                             = (known after apply)
      + ipv6_cidr_block                                = (known after apply)
      + ipv6_cidr_block_association_id                 = (known after apply)
      + ipv6_native                                    = false
      + map_public_ip_on_launch                        = false
      + owner_id                                       = (known after apply)
      + private_dns_hostname_type_on_launch            = (known after apply)
      + region                                         = "us-east-1"
      + tags                                           = {
          + "Name" = "opspilot-demo-private-1"
          + "Tier" = "private"
        }
      + tags_all                                       = {
          + "Environment" = "demo"
          + "ManagedBy"   = "terraform"
          + "Name"        = "opspilot-demo-private-1"
          + "Project"     = "opspilot-ai"
          + "Tier"        = "private"
        }
      + vpc_id                                         = (known after apply)
    }

  # aws_subnet.public[0] will be created
  + resource "aws_subnet" "public" {
      + arn                                            = (known after apply)
      + assign_ipv6_address_on_creation                = false
      + availability_zone                              = "us-east-1a"
      + availability_zone_id                           = (known after apply)
      + cidr_block                                     = "10.40.0.0/24"
      + enable_dns64                                   = false
      + enable_resource_name_dns_a_record_on_launch    = false
      + enable_resource_name_dns_aaaa_record_on_launch = false
      + id                                             = (known after apply)
      + ipv6_cidr_block                                = (known after apply)
      + ipv6_cidr_block_association_id                 = (known after apply)
      + ipv6_native                                    = false
      + map_public_ip_on_launch                        = false
      + owner_id                                       = (known after apply)
      + private_dns_hostname_type_on_launch            = (known after apply)
      + region                                         = "us-east-1"
      + tags                                           = {
          + "Name" = "opspilot-demo-public-0"
          + "Tier" = "public"
        }
      + tags_all                                       = {
          + "Environment" = "demo"
          + "ManagedBy"   = "terraform"
          + "Name"        = "opspilot-demo-public-0"
          + "Project"     = "opspilot-ai"
          + "Tier"        = "public"
        }
      + vpc_id                                         = (known after apply)
    }

  # aws_subnet.public[1] will be created
  + resource "aws_subnet" "public" {
      + arn                                            = (known after apply)
      + assign_ipv6_address_on_creation                = false
      + availability_zone                              = "us-east-1b"
      + availability_zone_id                           = (known after apply)
      + cidr_block                                     = "10.40.1.0/24"
      + enable_dns64                                   = false
      + enable_resource_name_dns_a_record_on_launch    = false
      + enable_resource_name_dns_aaaa_record_on_launch = false
      + id                                             = (known after apply)
      + ipv6_cidr_block                                = (known after apply)
      + ipv6_cidr_block_association_id                 = (known after apply)
      + ipv6_native                                    = false
      + map_public_ip_on_launch                        = false
      + owner_id                                       = (known after apply)
      + private_dns_hostname_type_on_launch            = (known after apply)
      + region                                         = "us-east-1"
      + tags                                           = {
          + "Name" = "opspilot-demo-public-1"
          + "Tier" = "public"
        }
      + tags_all                                       = {
          + "Environment" = "demo"
          + "ManagedBy"   = "terraform"
          + "Name"        = "opspilot-demo-public-1"
          + "Project"     = "opspilot-ai"
          + "Tier"        = "public"
        }
      + vpc_id                                         = (known after apply)
    }

  # aws_vpc.main will be created
  + resource "aws_vpc" "main" {
      + arn                                  = (known after apply)
      + cidr_block                           = "10.40.0.0/16"
      + default_network_acl_id               = (known after apply)
      + default_route_table_id               = (known after apply)
      + default_security_group_id            = (known after apply)
      + dhcp_options_id                      = (known after apply)
      + enable_dns_hostnames                 = true
      + enable_dns_support                   = true
      + enable_network_address_usage_metrics = (known after apply)
      + id                                   = (known after apply)
      + instance_tenancy                     = "default"
      + ipv6_association_id                  = (known after apply)
      + ipv6_cidr_block                      = (known after apply)
      + ipv6_cidr_block_network_border_group = (known after apply)
      + main_route_table_id                  = (known after apply)
      + owner_id                             = (known after apply)
      + region                               = "us-east-1"
      + tags                                 = {
          + "Name" = "opspilot-demo"
        }
      + tags_all                             = {
          + "Environment" = "demo"
          + "ManagedBy"   = "terraform"
          + "Name"        = "opspilot-demo"
          + "Project"     = "opspilot-ai"
        }
    }

  # aws_vpc_security_group_egress_rule.alb_to_api will be created
  + resource "aws_vpc_security_group_egress_rule" "alb_to_api" {
      + arn                          = (known after apply)
      + description                  = "Forward to API tasks only"
      + from_port                    = 8000
      + id                           = (known after apply)
      + ip_protocol                  = "tcp"
      + referenced_security_group_id = (known after apply)
      + region                       = "us-east-1"
      + security_group_id            = (known after apply)
      + security_group_rule_id       = (known after apply)
      + tags_all                     = {
          + "Environment" = "demo"
          + "ManagedBy"   = "terraform"
          + "Project"     = "opspilot-ai"
        }
      + to_port                      = 8000
    }

  # aws_vpc_security_group_egress_rule.api_db will be created
  + resource "aws_vpc_security_group_egress_rule" "api_db" {
      + arn                          = (known after apply)
      + description                  = "PostgreSQL"
      + from_port                    = 5432
      + id                           = (known after apply)
      + ip_protocol                  = "tcp"
      + referenced_security_group_id = (known after apply)
      + region                       = "us-east-1"
      + security_group_id            = (known after apply)
      + security_group_rule_id       = (known after apply)
      + tags_all                     = {
          + "Environment" = "demo"
          + "ManagedBy"   = "terraform"
          + "Project"     = "opspilot-ai"
        }
      + to_port                      = 5432
    }

  # aws_vpc_security_group_egress_rule.api_https will be created
  + resource "aws_vpc_security_group_egress_rule" "api_https" {
      + arn                    = (known after apply)
      + cidr_ipv4              = "0.0.0.0/0"
      + description            = "HTTPS to external APIs and AWS endpoints"
      + from_port              = 443
      + id                     = (known after apply)
      + ip_protocol            = "tcp"
      + region                 = "us-east-1"
      + security_group_id      = (known after apply)
      + security_group_rule_id = (known after apply)
      + tags_all               = {
          + "Environment" = "demo"
          + "ManagedBy"   = "terraform"
          + "Project"     = "opspilot-ai"
        }
      + to_port                = 443
    }

  # aws_vpc_security_group_ingress_rule.alb_http["0.0.0.0/0"] will be created
  + resource "aws_vpc_security_group_ingress_rule" "alb_http" {
      + arn                    = (known after apply)
      + cidr_ipv4              = "0.0.0.0/0"
      + description            = "HTTP, redirected to HTTPS only"
      + from_port              = 80
      + id                     = (known after apply)
      + ip_protocol            = "tcp"
      + region                 = "us-east-1"
      + security_group_id      = (known after apply)
      + security_group_rule_id = (known after apply)
      + tags_all               = {
          + "Environment" = "demo"
          + "ManagedBy"   = "terraform"
          + "Project"     = "opspilot-ai"
        }
      + to_port                = 80
    }

  # aws_vpc_security_group_ingress_rule.alb_https["0.0.0.0/0"] will be created
  + resource "aws_vpc_security_group_ingress_rule" "alb_https" {
      + arn                    = (known after apply)
      + cidr_ipv4              = "0.0.0.0/0"
      + description            = "HTTPS"
      + from_port              = 443
      + id                     = (known after apply)
      + ip_protocol            = "tcp"
      + region                 = "us-east-1"
      + security_group_id      = (known after apply)
      + security_group_rule_id = (known after apply)
      + tags_all               = {
          + "Environment" = "demo"
          + "ManagedBy"   = "terraform"
          + "Project"     = "opspilot-ai"
        }
      + to_port                = 443
    }

  # aws_vpc_security_group_ingress_rule.api_from_alb will be created
  + resource "aws_vpc_security_group_ingress_rule" "api_from_alb" {
      + arn                          = (known after apply)
      + description                  = "ALB to uvicorn"
      + from_port                    = 8000
      + id                           = (known after apply)
      + ip_protocol                  = "tcp"
      + referenced_security_group_id = (known after apply)
      + region                       = "us-east-1"
      + security_group_id            = (known after apply)
      + security_group_rule_id       = (known after apply)
      + tags_all                     = {
          + "Environment" = "demo"
          + "ManagedBy"   = "terraform"
          + "Project"     = "opspilot-ai"
        }
      + to_port                      = 8000
    }

  # aws_vpc_security_group_ingress_rule.db_from_api will be created
  + resource "aws_vpc_security_group_ingress_rule" "db_from_api" {
      + arn                          = (known after apply)
      + description                  = "PostgreSQL from tasks"
      + from_port                    = 5432
      + id                           = (known after apply)
      + ip_protocol                  = "tcp"
      + referenced_security_group_id = (known after apply)
      + region                       = "us-east-1"
      + security_group_id            = (known after apply)
      + security_group_rule_id       = (known after apply)
      + tags_all                     = {
          + "Environment" = "demo"
          + "ManagedBy"   = "terraform"
          + "Project"     = "opspilot-ai"
        }
      + to_port                      = 5432
    }

Plan: 56 to add, 0 to change, 0 to destroy.

Changes to Outputs:
  + alb_dns_name              = (known after apply)
  + db_endpoint               = (known after apply)
  + db_master_secret_arn      = (known after apply)
  + ecr_repository_url        = (known after apply)
  + migration_task_definition = (known after apply)
  + secret_arns               = {
      + DATABASE_URL           = (known after apply)
      + GITLAB_TOKEN           = (known after apply)
      + MIGRATION_DATABASE_URL = (known after apply)
      + OPENAI_API_KEY         = (known after apply)
      + TENANT_TOKENS          = (known after apply)
    }

─────────────────────────────────────────────────────────────────────────────

Saved the plan to: /workspace/.opspilot-runtime/phase4/default.tfplan

To perform exactly these actions, run the following command to apply:
    terraform apply "/workspace/.opspilot-runtime/phase4/default.tfplan"

Terraform used the selected providers to generate the following execution
plan. Resource actions are indicated with the following symbols:
  + create

Terraform will perform the following actions:

  # aws_cloudwatch_log_group.api will be created
  + resource "aws_cloudwatch_log_group" "api" {
      + arn                         = (known after apply)
      + deletion_protection_enabled = (known after apply)
      + id                          = (known after apply)
      + kms_key_id                  = (known after apply)
      + log_group_class             = (known after apply)
      + name                        = "/opspilot/demo/api"
      + name_prefix                 = (known after apply)
      + region                      = "us-east-1"
      + retention_in_days           = 14
      + skip_destroy                = false
      + tags_all                    = {
          + "Environment" = "demo"
          + "ManagedBy"   = "terraform"
          + "Project"     = "opspilot-ai"
        }
    }

  # aws_cloudwatch_log_group.collector[0] will be created
  + resource "aws_cloudwatch_log_group" "collector" {
      + arn                         = (known after apply)
      + deletion_protection_enabled = (known after apply)
      + id                          = (known after apply)
      + kms_key_id                  = (known after apply)
      + log_group_class             = (known after apply)
      + name                        = "/opspilot/demo/otel-collector"
      + name_prefix                 = (known after apply)
      + region                      = "us-east-1"
      + retention_in_days           = 14
      + skip_destroy                = false
      + tags_all                    = {
          + "Environment" = "demo"
          + "ManagedBy"   = "terraform"
          + "Project"     = "opspilot-ai"
        }
    }

  # aws_cloudwatch_log_group.flow will be created
  + resource "aws_cloudwatch_log_group" "flow" {
      + arn                         = (known after apply)
      + deletion_protection_enabled = (known after apply)
      + id                          = (known after apply)
      + kms_key_id                  = (known after apply)
      + log_group_class             = (known after apply)
      + name                        = "/opspilot/demo/vpc-flow-rejects"
      + name_prefix                 = (known after apply)
      + region                      = "us-east-1"
      + retention_in_days           = 14
      + skip_destroy                = false
      + tags_all                    = {
          + "Environment" = "demo"
          + "ManagedBy"   = "terraform"
          + "Project"     = "opspilot-ai"
        }
    }

  # aws_cloudwatch_log_group.metrics[0] will be created
  + resource "aws_cloudwatch_log_group" "metrics" {
      + arn                         = (known after apply)
      + deletion_protection_enabled = (known after apply)
      + id                          = (known after apply)
      + kms_key_id                  = (known after apply)
      + log_group_class             = (known after apply)
      + name                        = "/opspilot/demo/metrics"
      + name_prefix                 = (known after apply)
      + region                      = "us-east-1"
      + retention_in_days           = 14
      + skip_destroy                = false
      + tags_all                    = {
          + "Environment" = "demo"
          + "ManagedBy"   = "terraform"
          + "Project"     = "opspilot-ai"
        }
    }

  # aws_cloudwatch_log_group.migrate will be created
  + resource "aws_cloudwatch_log_group" "migrate" {
      + arn                         = (known after apply)
      + deletion_protection_enabled = (known after apply)
      + id                          = (known after apply)
      + kms_key_id                  = (known after apply)
      + log_group_class             = (known after apply)
      + name                        = "/opspilot/demo/migrate"
      + name_prefix                 = (known after apply)
      + region                      = "us-east-1"
      + retention_in_days           = 14
      + skip_destroy                = false
      + tags_all                    = {
          + "Environment" = "demo"
          + "ManagedBy"   = "terraform"
          + "Project"     = "opspilot-ai"
        }
    }

  # aws_db_instance.main will be created
  + resource "aws_db_instance" "main" {
      + address                               = (known after apply)
      + allocated_storage                     = 20
      + apply_immediately                     = false
      + arn                                   = (known after apply)
      + auto_minor_version_upgrade            = true
      + availability_zone                     = (known after apply)
      + backup_retention_period               = 7
      + backup_target                         = (known after apply)
      + backup_window                         = (known after apply)
      + ca_cert_identifier                    = (known after apply)
      + character_set_name                    = (known after apply)
      + copy_tags_to_snapshot                 = true
      + database_insights_mode                = (known after apply)
      + db_name                               = "opspilot"
      + db_subnet_group_name                  = "opspilot-demo"
      + dedicated_log_volume                  = false
      + delete_automated_backups              = true
      + deletion_protection                   = true
      + domain_fqdn                           = (known after apply)
      + enabled_cloudwatch_logs_exports       = [
          + "postgresql",
        ]
      + endpoint                              = (known after apply)
      + engine                                = "postgres"
      + engine_lifecycle_support              = (known after apply)
      + engine_version                        = "17.6"
      + engine_version_actual                 = (known after apply)
      + final_snapshot_identifier             = "opspilot-demo-final"
      + hosted_zone_id                        = (known after apply)
      + iam_database_authentication_enabled   = false
      + id                                    = (known after apply)
      + identifier                            = "opspilot-demo"
      + identifier_prefix                     = (known after apply)
      + instance_class                        = "db.t4g.micro"
      + iops                                  = (known after apply)
      + kms_key_id                            = (known after apply)
      + latest_restorable_time                = (known after apply)
      + license_model                         = (known after apply)
      + listener_endpoint                     = (known after apply)
      + maintenance_window                    = (known after apply)
      + manage_master_user_password           = true
      + master_user_secret                    = (known after apply)
      + master_user_secret_kms_key_id         = (known after apply)
      + max_allocated_storage                 = 40
      + monitoring_interval                   = 0
      + monitoring_role_arn                   = (known after apply)
      + multi_az                              = false
      + nchar_character_set_name              = (known after apply)
      + network_type                          = (known after apply)
      + option_group_name                     = (known after apply)
      + parameter_group_name                  = "opspilot-demo"
      + password_wo                           = (write-only attribute)
      + performance_insights_enabled          = false
      + performance_insights_kms_key_id       = (known after apply)
      + performance_insights_retention_period = (known after apply)
      + port                                  = (known after apply)
      + publicly_accessible                   = false
      + region                                = "us-east-1"
      + replica_mode                          = (known after apply)
      + replicas                              = (known after apply)
      + resource_id                           = (known after apply)
      + skip_final_snapshot                   = false
      + snapshot_identifier                   = (known after apply)
      + status                                = (known after apply)
      + storage_encrypted                     = true
      + storage_throughput                    = (known after apply)
      + storage_type                          = "gp3"
      + tags_all                              = {
          + "Environment" = "demo"
          + "ManagedBy"   = "terraform"
          + "Project"     = "opspilot-ai"
        }
      + timezone                              = (known after apply)
      + upgrade_rollout_order                 = (known after apply)
      + username                              = "opspilot_admin"
      + vpc_security_group_ids                = (known after apply)
    }

  # aws_db_parameter_group.main will be created
  + resource "aws_db_parameter_group" "main" {
      + arn          = (known after apply)
      + description  = "Managed by Terraform"
      + family       = "postgres17"
      + id           = (known after apply)
      + name         = "opspilot-demo"
      + name_prefix  = (known after apply)
      + region       = "us-east-1"
      + skip_destroy = false
      + tags_all     = {
          + "Environment" = "demo"
          + "ManagedBy"   = "terraform"
          + "Project"     = "opspilot-ai"
        }

      + parameter {
          + apply_method = "immediate"
          + name         = "log_min_duration_statement"
          + value        = "1000"
        }
      + parameter {
          + apply_method = "immediate"
          + name         = "rds.force_ssl"
          + value        = "1"
        }
    }

  # aws_db_subnet_group.main will be created
  + resource "aws_db_subnet_group" "main" {
      + arn                     = (known after apply)
      + description             = "Managed by Terraform"
      + id                      = (known after apply)
      + name                    = "opspilot-demo"
      + name_prefix             = (known after apply)
      + region                  = "us-east-1"
      + subnet_ids              = (known after apply)
      + supported_network_types = (known after apply)
      + tags_all                = {
          + "Environment" = "demo"
          + "ManagedBy"   = "terraform"
          + "Project"     = "opspilot-ai"
        }
      + vpc_id                  = (known after apply)
    }

  # aws_default_security_group.main will be created
  + resource "aws_default_security_group" "main" {
      + arn                    = (known after apply)
      + description            = (known after apply)
      + egress                 = (known after apply)
      + id                     = (known after apply)
      + ingress                = (known after apply)
      + name                   = (known after apply)
      + name_prefix            = (known after apply)
      + owner_id               = (known after apply)
      + region                 = "us-east-1"
      + revoke_rules_on_delete = false
      + tags_all               = {
          + "Environment" = "demo"
          + "ManagedBy"   = "terraform"
          + "Project"     = "opspilot-ai"
        }
      + vpc_id                 = (known after apply)
    }

  # aws_ecr_lifecycle_policy.api will be created
  + resource "aws_ecr_lifecycle_policy" "api" {
      + id          = (known after apply)
      + policy      = jsonencode(
            {
              + rules = [
                  + {
                      + action       = {
                          + type = "expire"
                        }
                      + description  = "Keep the 20 most recent images"
                      + rulePriority = 1
                      + selection    = {
                          + countNumber = 20
                          + countType   = "imageCountMoreThan"
                          + tagStatus   = "any"
                        }
                    },
                ]
            }
        )
      + region      = "us-east-1"
      + registry_id = (known after apply)
      + repository  = "opspilot-demo"
    }

  # aws_ecr_repository.api will be created
  + resource "aws_ecr_repository" "api" {
      + arn                  = (known after apply)
      + id                   = (known after apply)
      + image_tag_mutability = "IMMUTABLE"
      + name                 = "opspilot-demo"
      + region               = "us-east-1"
      + registry_id          = (known after apply)
      + repository_url       = (known after apply)
      + tags_all             = {
          + "Environment" = "demo"
          + "ManagedBy"   = "terraform"
          + "Project"     = "opspilot-ai"
        }

      + encryption_configuration {
          + encryption_type = "KMS"
          + kms_key         = (known after apply)
        }

      + image_scanning_configuration {
          + scan_on_push = true
        }
    }

  # aws_ecs_cluster.main will be created
  + resource "aws_ecs_cluster" "main" {
      + arn      = (known after apply)
      + id       = (known after apply)
      + name     = "opspilot-demo"
      + region   = "us-east-1"
      + tags_all = {
          + "Environment" = "demo"
          + "ManagedBy"   = "terraform"
          + "Project"     = "opspilot-ai"
        }

      + setting {
          + name  = "containerInsights"
          + value = "enabled"
        }
    }

  # aws_ecs_service.api will be created
  + resource "aws_ecs_service" "api" {
      + arn                                = (known after apply)
      + availability_zone_rebalancing      = (known after apply)
      + cluster                            = (known after apply)
      + deployment_maximum_percent         = 200
      + deployment_minimum_healthy_percent = 100
      + desired_count                      = 1
      + enable_ecs_managed_tags            = false
      + enable_execute_command             = false
      + health_check_grace_period_seconds  = 30
      + iam_role                           = (known after apply)
      + id                                 = (known after apply)
      + launch_type                        = "FARGATE"
      + name                               = "opspilot-demo-api"
      + platform_version                   = "1.4.0"
      + propagate_tags                     = "SERVICE"
      + region                             = "us-east-1"
      + scheduling_strategy                = "REPLICA"
      + tags_all                           = {
          + "Environment" = "demo"
          + "ManagedBy"   = "terraform"
          + "Project"     = "opspilot-ai"
        }
      + task_definition                    = (known after apply)
      + triggers                           = (known after apply)
      + wait_for_steady_state              = false

      + deployment_circuit_breaker {
          + enable   = true
          + rollback = true
        }

      + deployment_configuration (known after apply)

      + load_balancer {
          + container_name   = "api"
          + container_port   = 8000
          + target_group_arn = (known after apply)
            # (1 unchanged attribute hidden)
        }

      + network_configuration {
          + assign_public_ip = false
          + security_groups  = (known after apply)
          + subnets          = (known after apply)
        }
    }

  # aws_ecs_task_definition.api will be created
  + resource "aws_ecs_task_definition" "api" {
      + arn                      = (known after apply)
      + arn_without_revision     = (known after apply)
      + container_definitions    = (known after apply)
      + cpu                      = "512"
      + enable_fault_injection   = (known after apply)
      + execution_role_arn       = (known after apply)
      + family                   = "opspilot-demo-api"
      + id                       = (known after apply)
      + memory                   = "1024"
      + network_mode             = "awsvpc"
      + region                   = "us-east-1"
      + requires_compatibilities = [
          + "FARGATE",
        ]
      + revision                 = (known after apply)
      + skip_destroy             = false
      + tags_all                 = {
          + "Environment" = "demo"
          + "ManagedBy"   = "terraform"
          + "Project"     = "opspilot-ai"
        }
      + task_role_arn            = (known after apply)
      + track_latest             = false

      + runtime_platform {
          + cpu_architecture        = "X86_64"
          + operating_system_family = "LINUX"
        }

      + volume {
          + configure_at_launch = (known after apply)
          + name                = "tmp"
            # (1 unchanged attribute hidden)
        }
    }

  # aws_ecs_task_definition.migrate will be created
  + resource "aws_ecs_task_definition" "migrate" {
      + arn                      = (known after apply)
      + arn_without_revision     = (known after apply)
      + container_definitions    = (known after apply)
      + cpu                      = "256"
      + enable_fault_injection   = (known after apply)
      + execution_role_arn       = (known after apply)
      + family                   = "opspilot-demo-migrate"
      + id                       = (known after apply)
      + memory                   = "512"
      + network_mode             = "awsvpc"
      + region                   = "us-east-1"
      + requires_compatibilities = [
          + "FARGATE",
        ]
      + revision                 = (known after apply)
      + skip_destroy             = false
      + tags_all                 = {
          + "Environment" = "demo"
          + "ManagedBy"   = "terraform"
          + "Project"     = "opspilot-ai"
        }
      + task_role_arn            = (known after apply)
      + track_latest             = false

      + runtime_platform {
          + cpu_architecture        = "X86_64"
          + operating_system_family = "LINUX"
        }
    }

  # aws_eip.nat[0] will be created
  + resource "aws_eip" "nat" {
      + allocation_id        = (known after apply)
      + arn                  = (known after apply)
      + association_id       = (known after apply)
      + carrier_ip           = (known after apply)
      + customer_owned_ip    = (known after apply)
      + domain               = "vpc"
      + id                   = (known after apply)
      + instance             = (known after apply)
      + ipam_pool_id         = (known after apply)
      + network_border_group = (known after apply)
      + network_interface    = (known after apply)
      + private_dns          = (known after apply)
      + private_ip           = (known after apply)
      + ptr_record           = (known after apply)
      + public_dns           = (known after apply)
      + public_ip            = (known after apply)
      + public_ipv4_pool     = (known after apply)
      + region               = "us-east-1"
      + tags_all             = {
          + "Environment" = "demo"
          + "ManagedBy"   = "terraform"
          + "Project"     = "opspilot-ai"
        }
    }

  # aws_flow_log.vpc will be created
  + resource "aws_flow_log" "vpc" {
      + arn                      = (known after apply)
      + iam_role_arn             = (known after apply)
      + id                       = (known after apply)
      + log_destination          = (known after apply)
      + log_destination_type     = "cloud-watch-logs"
      + log_format               = (known after apply)
      + max_aggregation_interval = 600
      + region                   = "us-east-1"
      + tags_all                 = {
          + "Environment" = "demo"
          + "ManagedBy"   = "terraform"
          + "Project"     = "opspilot-ai"
        }
      + traffic_type             = "REJECT"
      + vpc_id                   = (known after apply)
    }

  # aws_iam_role.execution will be created
  + resource "aws_iam_role" "execution" {
      + arn                   = (known after apply)
      + assume_role_policy    = jsonencode(
            {
              + Statement = [
                  + {
                      + Action    = "sts:AssumeRole"
                      + Condition = {
                          + ArnLike      = {
                              + "aws:SourceArn" = "arn:aws:ecs:us-east-1:000000000000:*"
                            }
                          + StringEquals = {
                              + "aws:SourceAccount" = "000000000000"
                            }
                        }
                      + Effect    = "Allow"
                      + Principal = {
                          + Service = "ecs-tasks.amazonaws.com"
                        }
                    },
                ]
              + Version   = "2012-10-17"
            }
        )
      + create_date           = (known after apply)
      + force_detach_policies = false
      + id                    = (known after apply)
      + managed_policy_arns   = (known after apply)
      + max_session_duration  = 3600
      + name                  = "opspilot-demo-execution"
      + name_prefix           = (known after apply)
      + path                  = "/"
      + tags_all              = {
          + "Environment" = "demo"
          + "ManagedBy"   = "terraform"
          + "Project"     = "opspilot-ai"
        }
      + unique_id             = (known after apply)

      + inline_policy (known after apply)
    }

  # aws_iam_role.flow_logs will be created
  + resource "aws_iam_role" "flow_logs" {
      + arn                   = (known after apply)
      + assume_role_policy    = jsonencode(
            {
              + Statement = [
                  + {
                      + Action    = "sts:AssumeRole"
                      + Condition = {
                          + StringEquals = {
                              + "aws:SourceAccount" = "000000000000"
                            }
                        }
                      + Effect    = "Allow"
                      + Principal = {
                          + Service = "vpc-flow-logs.amazonaws.com"
                        }
                    },
                ]
              + Version   = "2012-10-17"
            }
        )
      + create_date           = (known after apply)
      + force_detach_policies = false
      + id                    = (known after apply)
      + managed_policy_arns   = (known after apply)
      + max_session_duration  = 3600
      + name                  = "opspilot-demo-flow-logs"
      + name_prefix           = (known after apply)
      + path                  = "/"
      + tags_all              = {
          + "Environment" = "demo"
          + "ManagedBy"   = "terraform"
          + "Project"     = "opspilot-ai"
        }
      + unique_id             = (known after apply)

      + inline_policy (known after apply)
    }

  # aws_iam_role.migrate will be created
  + resource "aws_iam_role" "migrate" {
      + arn                   = (known after apply)
      + assume_role_policy    = jsonencode(
            {
              + Statement = [
                  + {
                      + Action    = "sts:AssumeRole"
                      + Condition = {
                          + ArnLike      = {
                              + "aws:SourceArn" = "arn:aws:ecs:us-east-1:000000000000:*"
                            }
                          + StringEquals = {
                              + "aws:SourceAccount" = "000000000000"
                            }
                        }
                      + Effect    = "Allow"
                      + Principal = {
                          + Service = "ecs-tasks.amazonaws.com"
                        }
                    },
                ]
              + Version   = "2012-10-17"
            }
        )
      + create_date           = (known after apply)
      + force_detach_policies = false
      + id                    = (known after apply)
      + managed_policy_arns   = (known after apply)
      + max_session_duration  = 3600
      + name                  = "opspilot-demo-migrate"
      + name_prefix           = (known after apply)
      + path                  = "/"
      + tags_all              = {
          + "Environment" = "demo"
          + "ManagedBy"   = "terraform"
          + "Project"     = "opspilot-ai"
        }
      + unique_id             = (known after apply)

      + inline_policy (known after apply)
    }

  # aws_iam_role.task will be created
  + resource "aws_iam_role" "task" {
      + arn                   = (known after apply)
      + assume_role_policy    = jsonencode(
            {
              + Statement = [
                  + {
                      + Action    = "sts:AssumeRole"
                      + Condition = {
                          + ArnLike      = {
                              + "aws:SourceArn" = "arn:aws:ecs:us-east-1:000000000000:*"
                            }
                          + StringEquals = {
                              + "aws:SourceAccount" = "000000000000"
                            }
                        }
                      + Effect    = "Allow"
                      + Principal = {
                          + Service = "ecs-tasks.amazonaws.com"
                        }
                    },
                ]
              + Version   = "2012-10-17"
            }
        )
      + create_date           = (known after apply)
      + force_detach_policies = false
      + id                    = (known after apply)
      + managed_policy_arns   = (known after apply)
      + max_session_duration  = 3600
      + name                  = "opspilot-demo-task"
      + name_prefix           = (known after apply)
      + path                  = "/"
      + tags_all              = {
          + "Environment" = "demo"
          + "ManagedBy"   = "terraform"
          + "Project"     = "opspilot-ai"
        }
      + unique_id             = (known after apply)

      + inline_policy (known after apply)
    }

  # aws_iam_role_policy.execution will be created
  + resource "aws_iam_role_policy" "execution" {
      + id          = (known after apply)
      + name        = "least-privilege"
      + name_prefix = (known after apply)
      + policy      = (known after apply)
      + role        = (known after apply)
    }

  # aws_iam_role_policy.flow_logs will be created
  + resource "aws_iam_role_policy" "flow_logs" {
      + id          = (known after apply)
      + name        = "write-flow-logs"
      + name_prefix = (known after apply)
      + policy      = (known after apply)
      + role        = (known after apply)
    }

  # aws_iam_role_policy.task_collector[0] will be created
  + resource "aws_iam_role_policy" "task_collector" {
      + id          = (known after apply)
      + name        = "otel-collector-export"
      + name_prefix = (known after apply)
      + policy      = (known after apply)
      + role        = (known after apply)
    }

  # aws_internet_gateway.main will be created
  + resource "aws_internet_gateway" "main" {
      + arn      = (known after apply)
      + id       = (known after apply)
      + owner_id = (known after apply)
      + region   = "us-east-1"
      + tags_all = {
          + "Environment" = "demo"
          + "ManagedBy"   = "terraform"
          + "Project"     = "opspilot-ai"
        }
      + vpc_id   = (known after apply)
    }

  # aws_kms_alias.main will be created
  + resource "aws_kms_alias" "main" {
      + arn            = (known after apply)
      + id             = (known after apply)
      + name           = "alias/opspilot-demo"
      + name_prefix    = (known after apply)
      + region         = "us-east-1"
      + target_key_arn = (known after apply)
      + target_key_id  = (known after apply)
    }

  # aws_kms_key.main will be created
  + resource "aws_kms_key" "main" {
      + arn                                = (known after apply)
      + bypass_policy_lockout_safety_check = false
      + customer_master_key_spec           = "SYMMETRIC_DEFAULT"
      + deletion_window_in_days            = 30
      + description                        = "opspilot-demo data at rest"
      + enable_key_rotation                = true
      + id                                 = (known after apply)
      + is_enabled                         = true
      + key_id                             = (known after apply)
      + key_usage                          = "ENCRYPT_DECRYPT"
      + multi_region                       = (known after apply)
      + policy                             = jsonencode(
            {
              + Statement = [
                  + {
                      + Action    = "kms:*"
                      + Effect    = "Allow"
                      + Principal = {
                          + AWS = "arn:aws:iam::000000000000:root"
                        }
                      + Resource  = "*"
                      + Sid       = "AccountAdministration"
                    },
                  + {
                      + Action    = [
                          + "kms:Encrypt*",
                          + "kms:Decrypt*",
                          + "kms:ReEncrypt*",
                          + "kms:GenerateDataKey*",
                          + "kms:Describe*",
                        ]
                      + Condition = {
                          + ArnLike = {
                              + "kms:EncryptionContext:aws:logs:arn" = "arn:aws:logs:us-east-1:000000000000:log-group:/opspilot/demo/*"
                            }
                        }
                      + Effect    = "Allow"
                      + Principal = {
                          + Service = "logs.us-east-1.amazonaws.com"
                        }
                      + Resource  = "*"
                      + Sid       = "CloudWatchLogs"
                    },
                ]
              + Version   = "2012-10-17"
            }
        )
      + region                             = "us-east-1"
      + rotation_period_in_days            = (known after apply)
      + tags_all                           = {
          + "Environment" = "demo"
          + "ManagedBy"   = "terraform"
          + "Project"     = "opspilot-ai"
        }
    }

  # aws_lb.api will be created
  + resource "aws_lb" "api" {
      + arn                                                          = (known after apply)
      + arn_suffix                                                   = (known after apply)
      + client_keep_alive                                            = 3600
      + desync_mitigation_mode                                       = "defensive"
      + dns_name                                                     = (known after apply)
      + drop_invalid_header_fields                                   = true
      + enable_deletion_protection                                   = true
      + enable_http2                                                 = true
      + enable_prefix_for_ipv6_source_nat                            = (known after apply)
      + enable_tls_version_and_cipher_suite_headers                  = false
      + enable_waf_fail_open                                         = false
      + enable_xff_client_port                                       = false
      + enable_zonal_shift                                           = false
      + enforce_security_group_inbound_rules_on_private_link_traffic = (known after apply)
      + id                                                           = (known after apply)
      + idle_timeout                                                 = 75
      + internal                                                     = false
      + ip_address_type                                              = (known after apply)
      + load_balancer_type                                           = "application"
      + name                                                         = "opspilot-demo"
      + name_prefix                                                  = (known after apply)
      + preserve_host_header                                         = false
      + region                                                       = "us-east-1"
      + secondary_ips_auto_assigned_per_subnet                       = (known after apply)
      + security_groups                                              = (known after apply)
      + subnets                                                      = (known after apply)
      + tags_all                                                     = {
          + "Environment" = "demo"
          + "ManagedBy"   = "terraform"
          + "Project"     = "opspilot-ai"
        }
      + vpc_id                                                       = (known after apply)
      + xff_header_processing_mode                                   = "append"
      + zone_id                                                      = (known after apply)

      + subnet_mapping (known after apply)
    }

  # aws_lb_listener.http_redirect will be created
  + resource "aws_lb_listener" "http_redirect" {
      + arn                                                                   = (known after apply)
      + id                                                                    = (known after apply)
      + load_balancer_arn                                                     = (known after apply)
      + port                                                                  = 80
      + protocol                                                              = "HTTP"
      + region                                                                = "us-east-1"
      + routing_http_request_x_amzn_mtls_clientcert_header_name               = (known after apply)
      + routing_http_request_x_amzn_mtls_clientcert_issuer_header_name        = (known after apply)
      + routing_http_request_x_amzn_mtls_clientcert_leaf_header_name          = (known after apply)
      + routing_http_request_x_amzn_mtls_clientcert_serial_number_header_name = (known after apply)
      + routing_http_request_x_amzn_mtls_clientcert_subject_header_name       = (known after apply)
      + routing_http_request_x_amzn_mtls_clientcert_validity_header_name      = (known after apply)
      + routing_http_request_x_amzn_tls_cipher_suite_header_name              = (known after apply)
      + routing_http_request_x_amzn_tls_version_header_name                   = (known after apply)
      + routing_http_response_access_control_allow_credentials_header_value   = (known after apply)
      + routing_http_response_access_control_allow_headers_header_value       = (known after apply)
      + routing_http_response_access_control_allow_methods_header_value       = (known after apply)
      + routing_http_response_access_control_allow_origin_header_value        = (known after apply)
      + routing_http_response_access_control_expose_headers_header_value      = (known after apply)
      + routing_http_response_access_control_max_age_header_value             = (known after apply)
      + routing_http_response_content_security_policy_header_value            = (known after apply)
      + routing_http_response_server_enabled                                  = (known after apply)
      + routing_http_response_strict_transport_security_header_value          = (known after apply)
      + routing_http_response_x_content_type_options_header_value             = (known after apply)
      + routing_http_response_x_frame_options_header_value                    = (known after apply)
      + ssl_policy                                                            = (known after apply)
      + tags_all                                                              = {
          + "Environment" = "demo"
          + "ManagedBy"   = "terraform"
          + "Project"     = "opspilot-ai"
        }
      + tcp_idle_timeout_seconds                                              = (known after apply)

      + default_action {
          + order = (known after apply)
          + type  = "redirect"

          + redirect {
              + host        = "#{host}"
              + path        = "/#{path}"
              + port        = "443"
              + protocol    = "HTTPS"
              + query       = "#{query}"
              + status_code = "HTTP_301"
            }
        }

      + mutual_authentication (known after apply)
    }

  # aws_lb_listener.https will be created
  + resource "aws_lb_listener" "https" {
      + arn                                                                   = (known after apply)
      + certificate_arn                                                       = "arn:aws:acm:us-east-1:000000000000:certificate/00000000-0000-0000-0000-000000000000"
      + id                                                                    = (known after apply)
      + load_balancer_arn                                                     = (known after apply)
      + port                                                                  = 443
      + protocol                                                              = "HTTPS"
      + region                                                                = "us-east-1"
      + routing_http_request_x_amzn_mtls_clientcert_header_name               = (known after apply)
      + routing_http_request_x_amzn_mtls_clientcert_issuer_header_name        = (known after apply)
      + routing_http_request_x_amzn_mtls_clientcert_leaf_header_name          = (known after apply)
      + routing_http_request_x_amzn_mtls_clientcert_serial_number_header_name = (known after apply)
      + routing_http_request_x_amzn_mtls_clientcert_subject_header_name       = (known after apply)
      + routing_http_request_x_amzn_mtls_clientcert_validity_header_name      = (known after apply)
      + routing_http_request_x_amzn_tls_cipher_suite_header_name              = (known after apply)
      + routing_http_request_x_amzn_tls_version_header_name                   = (known after apply)
      + routing_http_response_access_control_allow_credentials_header_value   = (known after apply)
      + routing_http_response_access_control_allow_headers_header_value       = (known after apply)
      + routing_http_response_access_control_allow_methods_header_value       = (known after apply)
      + routing_http_response_access_control_allow_origin_header_value        = (known after apply)
      + routing_http_response_access_control_expose_headers_header_value      = (known after apply)
      + routing_http_response_access_control_max_age_header_value             = (known after apply)
      + routing_http_response_content_security_policy_header_value            = (known after apply)
      + routing_http_response_server_enabled                                  = (known after apply)
      + routing_http_response_strict_transport_security_header_value          = (known after apply)
      + routing_http_response_x_content_type_options_header_value             = (known after apply)
      + routing_http_response_x_frame_options_header_value                    = (known after apply)
      + ssl_policy                                                            = "ELBSecurityPolicy-TLS13-1-2-2021-06"
      + tags_all                                                              = {
          + "Environment" = "demo"
          + "ManagedBy"   = "terraform"
          + "Project"     = "opspilot-ai"
        }
      + tcp_idle_timeout_seconds                                              = (known after apply)

      + default_action {
          + order            = (known after apply)
          + target_group_arn = (known after apply)
          + type             = "forward"
        }

      + mutual_authentication (known after apply)
    }

  # aws_lb_target_group.api will be created
  + resource "aws_lb_target_group" "api" {
      + arn                                = (known after apply)
      + arn_suffix                         = (known after apply)
      + connection_termination             = (known after apply)
      + deregistration_delay               = "20"
      + id                                 = (known after apply)
      + ip_address_type                    = (known after apply)
      + lambda_multi_value_headers_enabled = false
      + load_balancer_arns                 = (known after apply)
      + load_balancing_algorithm_type      = (known after apply)
      + load_balancing_anomaly_mitigation  = (known after apply)
      + load_balancing_cross_zone_enabled  = (known after apply)
      + name                               = "opspilot-demo"
      + name_prefix                        = (known after apply)
      + port                               = 8000
      + preserve_client_ip                 = (known after apply)
      + protocol                           = "HTTP"
      + protocol_version                   = (known after apply)
      + proxy_protocol_v2                  = false
      + region                             = "us-east-1"
      + slow_start                         = 0
      + tags_all                           = {
          + "Environment" = "demo"
          + "ManagedBy"   = "terraform"
          + "Project"     = "opspilot-ai"
        }
      + target_type                        = "ip"
      + vpc_id                             = (known after apply)

      + health_check {
          + enabled             = true
          + healthy_threshold   = 2
          + interval            = 15
          + matcher             = "200"
          + path                = "/ready"
          + port                = "traffic-port"
          + protocol            = "HTTP"
          + timeout             = 5
          + unhealthy_threshold = 3
        }

      + stickiness (known after apply)

      + target_failover (known after apply)

      + target_group_health (known after apply)

      + target_health_state (known after apply)
    }

  # aws_nat_gateway.main[0] will be created
  + resource "aws_nat_gateway" "main" {
      + allocation_id                      = (known after apply)
      + association_id                     = (known after apply)
      + auto_provision_zones               = (known after apply)
      + auto_scaling_ips                   = (known after apply)
      + availability_mode                  = (known after apply)
      + connectivity_type                  = "public"
      + id                                 = (known after apply)
      + network_interface_id               = (known after apply)
      + private_ip                         = (known after apply)
      + public_ip                          = (known after apply)
      + region                             = "us-east-1"
      + regional_nat_gateway_address       = (known after apply)
      + regional_nat_gateway_auto_mode     = (known after apply)
      + route_table_id                     = (known after apply)
      + secondary_allocation_ids           = (known after apply)
      + secondary_private_ip_address_count = (known after apply)
      + secondary_private_ip_addresses     = (known after apply)
      + subnet_id                          = (known after apply)
      + tags_all                           = {
          + "Environment" = "demo"
          + "ManagedBy"   = "terraform"
          + "Project"     = "opspilot-ai"
        }
      + vpc_id                             = (known after apply)
    }

  # aws_route_table.private will be created
  + resource "aws_route_table" "private" {
      + arn              = (known after apply)
      + id               = (known after apply)
      + owner_id         = (known after apply)
      + propagating_vgws = (known after apply)
      + region           = "us-east-1"
      + route            = [
          + {
              + cidr_block                 = "0.0.0.0/0"
              + nat_gateway_id             = (known after apply)
                # (12 unchanged attributes hidden)
            },
        ]
      + tags_all         = {
          + "Environment" = "demo"
          + "ManagedBy"   = "terraform"
          + "Project"     = "opspilot-ai"
        }
      + vpc_id           = (known after apply)
    }

  # aws_route_table.public will be created
  + resource "aws_route_table" "public" {
      + arn              = (known after apply)
      + id               = (known after apply)
      + owner_id         = (known after apply)
      + propagating_vgws = (known after apply)
      + region           = "us-east-1"
      + route            = [
          + {
              + cidr_block                 = "0.0.0.0/0"
              + gateway_id                 = (known after apply)
                # (12 unchanged attributes hidden)
            },
        ]
      + tags_all         = {
          + "Environment" = "demo"
          + "ManagedBy"   = "terraform"
          + "Project"     = "opspilot-ai"
        }
      + vpc_id           = (known after apply)
    }

  # aws_route_table_association.private[0] will be created
  + resource "aws_route_table_association" "private" {
      + id             = (known after apply)
      + region         = "us-east-1"
      + route_table_id = (known after apply)
      + subnet_id      = (known after apply)
    }

  # aws_route_table_association.private[1] will be created
  + resource "aws_route_table_association" "private" {
      + id             = (known after apply)
      + region         = "us-east-1"
      + route_table_id = (known after apply)
      + subnet_id      = (known after apply)
    }

  # aws_route_table_association.public[0] will be created
  + resource "aws_route_table_association" "public" {
      + id             = (known after apply)
      + region         = "us-east-1"
      + route_table_id = (known after apply)
      + subnet_id      = (known after apply)
    }

  # aws_route_table_association.public[1] will be created
  + resource "aws_route_table_association" "public" {
      + id             = (known after apply)
      + region         = "us-east-1"
      + route_table_id = (known after apply)
      + subnet_id      = (known after apply)
    }

  # aws_secretsmanager_secret.app["DATABASE_URL"] will be created
  + resource "aws_secretsmanager_secret" "app" {
      + arn                            = (known after apply)
      + description                    = "Runtime role opspilot_app: postgresql+asyncpg://opspilot_app:<urlencoded>@<rds-endpoint>:5432/opspilot?ssl=require"
      + force_overwrite_replica_secret = false
      + id                             = (known after apply)
      + kms_key_id                     = (known after apply)
      + name                           = "opspilot-demo/database-url"
      + name_prefix                    = (known after apply)
      + policy                         = (known after apply)
      + recovery_window_in_days        = 7
      + region                         = "us-east-1"
      + tags_all                       = {
          + "Environment" = "demo"
          + "ManagedBy"   = "terraform"
          + "Project"     = "opspilot-ai"
        }
    }

  # aws_secretsmanager_secret.app["GITLAB_TOKEN"] will be created
  + resource "aws_secretsmanager_secret" "app" {
      + arn                            = (known after apply)
      + description                    = "Project access token, Reporter, scope api, short expiry"
      + force_overwrite_replica_secret = false
      + id                             = (known after apply)
      + kms_key_id                     = (known after apply)
      + name                           = "opspilot-demo/gitlab-token"
      + name_prefix                    = (known after apply)
      + policy                         = (known after apply)
      + recovery_window_in_days        = 7
      + region                         = "us-east-1"
      + tags_all                       = {
          + "Environment" = "demo"
          + "ManagedBy"   = "terraform"
          + "Project"     = "opspilot-ai"
        }
    }

  # aws_secretsmanager_secret.app["OPENAI_API_KEY"] will be created
  + resource "aws_secretsmanager_secret" "app" {
      + arn                            = (known after apply)
      + description                    = "OpenAI project key with a spend limit"
      + force_overwrite_replica_secret = false
      + id                             = (known after apply)
      + kms_key_id                     = (known after apply)
      + name                           = "opspilot-demo/openai-api-key"
      + name_prefix                    = (known after apply)
      + policy                         = (known after apply)
      + recovery_window_in_days        = 7
      + region                         = "us-east-1"
      + tags_all                       = {
          + "Environment" = "demo"
          + "ManagedBy"   = "terraform"
          + "Project"     = "opspilot-ai"
        }
    }

  # aws_secretsmanager_secret.app["TENANT_TOKENS"] will be created
  + resource "aws_secretsmanager_secret" "app" {
      + arn                            = (known after apply)
      + description                    = "JSON token -> principal map (>=32 random characters per token)"
      + force_overwrite_replica_secret = false
      + id                             = (known after apply)
      + kms_key_id                     = (known after apply)
      + name                           = "opspilot-demo/tenant-tokens"
      + name_prefix                    = (known after apply)
      + policy                         = (known after apply)
      + recovery_window_in_days        = 7
      + region                         = "us-east-1"
      + tags_all                       = {
          + "Environment" = "demo"
          + "ManagedBy"   = "terraform"
          + "Project"     = "opspilot-ai"
        }
    }

  # aws_secretsmanager_secret.migration["MIGRATION_DATABASE_URL"] will be created
  + resource "aws_secretsmanager_secret" "migration" {
      + arn                            = (known after apply)
      + description                    = "Owner role used only by the one-off migration task (ssl=require)"
      + force_overwrite_replica_secret = false
      + id                             = (known after apply)
      + kms_key_id                     = (known after apply)
      + name                           = "opspilot-demo/migration-database-url"
      + name_prefix                    = (known after apply)
      + policy                         = (known after apply)
      + recovery_window_in_days        = 7
      + region                         = "us-east-1"
      + tags_all                       = {
          + "Environment" = "demo"
          + "ManagedBy"   = "terraform"
          + "Project"     = "opspilot-ai"
        }
    }

  # aws_security_group.alb will be created
  + resource "aws_security_group" "alb" {
      + arn                    = (known after apply)
      + description            = "Public HTTPS entry point"
      + egress                 = (known after apply)
      + id                     = (known after apply)
      + ingress                = (known after apply)
      + name                   = "opspilot-demo-alb"
      + name_prefix            = (known after apply)
      + owner_id               = (known after apply)
      + region                 = "us-east-1"
      + revoke_rules_on_delete = false
      + tags_all               = {
          + "Environment" = "demo"
          + "ManagedBy"   = "terraform"
          + "Project"     = "opspilot-ai"
        }
      + vpc_id                 = (known after apply)
    }

  # aws_security_group.api will be created
  + resource "aws_security_group" "api" {
      + arn                    = (known after apply)
      + description            = "API tasks: inbound from the ALB only"
      + egress                 = (known after apply)
      + id                     = (known after apply)
      + ingress                = (known after apply)
      + name                   = "opspilot-demo-api"
      + name_prefix            = (known after apply)
      + owner_id               = (known after apply)
      + region                 = "us-east-1"
      + revoke_rules_on_delete = false
      + tags_all               = {
          + "Environment" = "demo"
          + "ManagedBy"   = "terraform"
          + "Project"     = "opspilot-ai"
        }
      + vpc_id                 = (known after apply)
    }

  # aws_security_group.db will be created
  + resource "aws_security_group" "db" {
      + arn                    = (known after apply)
      + description            = "RDS: inbound from API and migration tasks only; no egress"
      + egress                 = (known after apply)
      + id                     = (known after apply)
      + ingress                = (known after apply)
      + name                   = "opspilot-demo-db"
      + name_prefix            = (known after apply)
      + owner_id               = (known after apply)
      + region                 = "us-east-1"
      + revoke_rules_on_delete = false
      + tags_all               = {
          + "Environment" = "demo"
          + "ManagedBy"   = "terraform"
          + "Project"     = "opspilot-ai"
        }
      + vpc_id                 = (known after apply)
    }

  # aws_subnet.private[0] will be created
  + resource "aws_subnet" "private" {
      + arn                                            = (known after apply)
      + assign_ipv6_address_on_creation                = false
      + availability_zone                              = "us-east-1a"
      + availability_zone_id                           = (known after apply)
      + cidr_block                                     = "10.40.10.0/24"
      + enable_dns64                                   = false
      + enable_resource_name_dns_a_record_on_launch    = false
      + enable_resource_name_dns_aaaa_record_on_launch = false
      + id                                             = (known after apply)
      + ipv6_cidr_block                                = (known after apply)
      + ipv6_cidr_block_association_id                 = (known after apply)
      + ipv6_native                                    = false
      + map_public_ip_on_launch                        = false
      + owner_id                                       = (known after apply)
      + private_dns_hostname_type_on_launch            = (known after apply)
      + region                                         = "us-east-1"
      + tags                                           = {
          + "Name" = "opspilot-demo-private-0"
          + "Tier" = "private"
        }
      + tags_all                                       = {
          + "Environment" = "demo"
          + "ManagedBy"   = "terraform"
          + "Name"        = "opspilot-demo-private-0"
          + "Project"     = "opspilot-ai"
          + "Tier"        = "private"
        }
      + vpc_id                                         = (known after apply)
    }

  # aws_subnet.private[1] will be created
  + resource "aws_subnet" "private" {
      + arn                                            = (known after apply)
      + assign_ipv6_address_on_creation                = false
      + availability_zone                              = "us-east-1b"
      + availability_zone_id                           = (known after apply)
      + cidr_block                                     = "10.40.11.0/24"
      + enable_dns64                                   = false
      + enable_resource_name_dns_a_record_on_launch    = false
      + enable_resource_name_dns_aaaa_record_on_launch = false
      + id                                             = (known after apply)
      + ipv6_cidr_block                                = (known after apply)
      + ipv6_cidr_block_association_id                 = (known after apply)
      + ipv6_native                                    = false
      + map_public_ip_on_launch                        = false
      + owner_id                                       = (known after apply)
      + private_dns_hostname_type_on_launch            = (known after apply)
      + region                                         = "us-east-1"
      + tags                                           = {
          + "Name" = "opspilot-demo-private-1"
          + "Tier" = "private"
        }
      + tags_all                                       = {
          + "Environment" = "demo"
          + "ManagedBy"   = "terraform"
          + "Name"        = "opspilot-demo-private-1"
          + "Project"     = "opspilot-ai"
          + "Tier"        = "private"
        }
      + vpc_id                                         = (known after apply)
    }

  # aws_subnet.public[0] will be created
  + resource "aws_subnet" "public" {
      + arn                                            = (known after apply)
      + assign_ipv6_address_on_creation                = false
      + availability_zone                              = "us-east-1a"
      + availability_zone_id                           = (known after apply)
      + cidr_block                                     = "10.40.0.0/24"
      + enable_dns64                                   = false
      + enable_resource_name_dns_a_record_on_launch    = false
      + enable_resource_name_dns_aaaa_record_on_launch = false
      + id                                             = (known after apply)
      + ipv6_cidr_block                                = (known after apply)
      + ipv6_cidr_block_association_id                 = (known after apply)
      + ipv6_native                                    = false
      + map_public_ip_on_launch                        = false
      + owner_id                                       = (known after apply)
      + private_dns_hostname_type_on_launch            = (known after apply)
      + region                                         = "us-east-1"
      + tags                                           = {
          + "Name" = "opspilot-demo-public-0"
          + "Tier" = "public"
        }
      + tags_all                                       = {
          + "Environment" = "demo"
          + "ManagedBy"   = "terraform"
          + "Name"        = "opspilot-demo-public-0"
          + "Project"     = "opspilot-ai"
          + "Tier"        = "public"
        }
      + vpc_id                                         = (known after apply)
    }

  # aws_subnet.public[1] will be created
  + resource "aws_subnet" "public" {
      + arn                                            = (known after apply)
      + assign_ipv6_address_on_creation                = false
      + availability_zone                              = "us-east-1b"
      + availability_zone_id                           = (known after apply)
      + cidr_block                                     = "10.40.1.0/24"
      + enable_dns64                                   = false
      + enable_resource_name_dns_a_record_on_launch    = false
      + enable_resource_name_dns_aaaa_record_on_launch = false
      + id                                             = (known after apply)
      + ipv6_cidr_block                                = (known after apply)
      + ipv6_cidr_block_association_id                 = (known after apply)
      + ipv6_native                                    = false
      + map_public_ip_on_launch                        = false
      + owner_id                                       = (known after apply)
      + private_dns_hostname_type_on_launch            = (known after apply)
      + region                                         = "us-east-1"
      + tags                                           = {
          + "Name" = "opspilot-demo-public-1"
          + "Tier" = "public"
        }
      + tags_all                                       = {
          + "Environment" = "demo"
          + "ManagedBy"   = "terraform"
          + "Name"        = "opspilot-demo-public-1"
          + "Project"     = "opspilot-ai"
          + "Tier"        = "public"
        }
      + vpc_id                                         = (known after apply)
    }

  # aws_vpc.main will be created
  + resource "aws_vpc" "main" {
      + arn                                  = (known after apply)
      + cidr_block                           = "10.40.0.0/16"
      + default_network_acl_id               = (known after apply)
      + default_route_table_id               = (known after apply)
      + default_security_group_id            = (known after apply)
      + dhcp_options_id                      = (known after apply)
      + enable_dns_hostnames                 = true
      + enable_dns_support                   = true
      + enable_network_address_usage_metrics = (known after apply)
      + id                                   = (known after apply)
      + instance_tenancy                     = "default"
      + ipv6_association_id                  = (known after apply)
      + ipv6_cidr_block                      = (known after apply)
      + ipv6_cidr_block_network_border_group = (known after apply)
      + main_route_table_id                  = (known after apply)
      + owner_id                             = (known after apply)
      + region                               = "us-east-1"
      + tags                                 = {
          + "Name" = "opspilot-demo"
        }
      + tags_all                             = {
          + "Environment" = "demo"
          + "ManagedBy"   = "terraform"
          + "Name"        = "opspilot-demo"
          + "Project"     = "opspilot-ai"
        }
    }

  # aws_vpc_security_group_egress_rule.alb_to_api will be created
  + resource "aws_vpc_security_group_egress_rule" "alb_to_api" {
      + arn                          = (known after apply)
      + description                  = "Forward to API tasks only"
      + from_port                    = 8000
      + id                           = (known after apply)
      + ip_protocol                  = "tcp"
      + referenced_security_group_id = (known after apply)
      + region                       = "us-east-1"
      + security_group_id            = (known after apply)
      + security_group_rule_id       = (known after apply)
      + tags_all                     = {
          + "Environment" = "demo"
          + "ManagedBy"   = "terraform"
          + "Project"     = "opspilot-ai"
        }
      + to_port                      = 8000
    }

  # aws_vpc_security_group_egress_rule.api_db will be created
  + resource "aws_vpc_security_group_egress_rule" "api_db" {
      + arn                          = (known after apply)
      + description                  = "PostgreSQL"
      + from_port                    = 5432
      + id                           = (known after apply)
      + ip_protocol                  = "tcp"
      + referenced_security_group_id = (known after apply)
      + region                       = "us-east-1"
      + security_group_id            = (known after apply)
      + security_group_rule_id       = (known after apply)
      + tags_all                     = {
          + "Environment" = "demo"
          + "ManagedBy"   = "terraform"
          + "Project"     = "opspilot-ai"
        }
      + to_port                      = 5432
    }

  # aws_vpc_security_group_egress_rule.api_https will be created
  + resource "aws_vpc_security_group_egress_rule" "api_https" {
      + arn                    = (known after apply)
      + cidr_ipv4              = "0.0.0.0/0"
      + description            = "HTTPS to external APIs and AWS endpoints"
      + from_port              = 443
      + id                     = (known after apply)
      + ip_protocol            = "tcp"
      + region                 = "us-east-1"
      + security_group_id      = (known after apply)
      + security_group_rule_id = (known after apply)
      + tags_all               = {
          + "Environment" = "demo"
          + "ManagedBy"   = "terraform"
          + "Project"     = "opspilot-ai"
        }
      + to_port                = 443
    }

  # aws_vpc_security_group_ingress_rule.alb_http["0.0.0.0/0"] will be created
  + resource "aws_vpc_security_group_ingress_rule" "alb_http" {
      + arn                    = (known after apply)
      + cidr_ipv4              = "0.0.0.0/0"
      + description            = "HTTP, redirected to HTTPS only"
      + from_port              = 80
      + id                     = (known after apply)
      + ip_protocol            = "tcp"
      + region                 = "us-east-1"
      + security_group_id      = (known after apply)
      + security_group_rule_id = (known after apply)
      + tags_all               = {
          + "Environment" = "demo"
          + "ManagedBy"   = "terraform"
          + "Project"     = "opspilot-ai"
        }
      + to_port                = 80
    }

  # aws_vpc_security_group_ingress_rule.alb_https["0.0.0.0/0"] will be created
  + resource "aws_vpc_security_group_ingress_rule" "alb_https" {
      + arn                    = (known after apply)
      + cidr_ipv4              = "0.0.0.0/0"
      + description            = "HTTPS"
      + from_port              = 443
      + id                     = (known after apply)
      + ip_protocol            = "tcp"
      + region                 = "us-east-1"
      + security_group_id      = (known after apply)
      + security_group_rule_id = (known after apply)
      + tags_all               = {
          + "Environment" = "demo"
          + "ManagedBy"   = "terraform"
          + "Project"     = "opspilot-ai"
        }
      + to_port                = 443
    }

  # aws_vpc_security_group_ingress_rule.api_from_alb will be created
  + resource "aws_vpc_security_group_ingress_rule" "api_from_alb" {
      + arn                          = (known after apply)
      + description                  = "ALB to uvicorn"
      + from_port                    = 8000
      + id                           = (known after apply)
      + ip_protocol                  = "tcp"
      + referenced_security_group_id = (known after apply)
      + region                       = "us-east-1"
      + security_group_id            = (known after apply)
      + security_group_rule_id       = (known after apply)
      + tags_all                     = {
          + "Environment" = "demo"
          + "ManagedBy"   = "terraform"
          + "Project"     = "opspilot-ai"
        }
      + to_port                      = 8000
    }

  # aws_vpc_security_group_ingress_rule.db_from_api will be created
  + resource "aws_vpc_security_group_ingress_rule" "db_from_api" {
      + arn                          = (known after apply)
      + description                  = "PostgreSQL from tasks"
      + from_port                    = 5432
      + id                           = (known after apply)
      + ip_protocol                  = "tcp"
      + referenced_security_group_id = (known after apply)
      + region                       = "us-east-1"
      + security_group_id            = (known after apply)
      + security_group_rule_id       = (known after apply)
      + tags_all                     = {
          + "Environment" = "demo"
          + "ManagedBy"   = "terraform"
          + "Project"     = "opspilot-ai"
        }
      + to_port                      = 5432
    }

Plan: 58 to add, 0 to change, 0 to destroy.

Changes to Outputs:
  + alb_dns_name              = (known after apply)
  + db_endpoint               = (known after apply)
  + db_master_secret_arn      = (known after apply)
  + ecr_repository_url        = (known after apply)
  + migration_task_definition = (known after apply)
  + secret_arns               = {
      + DATABASE_URL           = (known after apply)
      + GITLAB_TOKEN           = (known after apply)
      + MIGRATION_DATABASE_URL = (known after apply)
      + OPENAI_API_KEY         = (known after apply)
      + TENANT_TOKENS          = (known after apply)
    }

─────────────────────────────────────────────────────────────────────────────

Saved the plan to: /workspace/.opspilot-runtime/phase4/nat.tfplan

To perform exactly these actions, run the following command to apply:
    terraform apply "/workspace/.opspilot-runtime/phase4/nat.tfplan"

Terraform used the selected providers to generate the following execution
plan. Resource actions are indicated with the following symbols:
  + create

Terraform will perform the following actions:

  # aws_cloudwatch_log_group.api will be created
  + resource "aws_cloudwatch_log_group" "api" {
      + arn                         = (known after apply)
      + deletion_protection_enabled = (known after apply)
      + id                          = (known after apply)
      + kms_key_id                  = (known after apply)
      + log_group_class             = (known after apply)
      + name                        = "/opspilot/demo/api"
      + name_prefix                 = (known after apply)
      + region                      = "us-east-1"
      + retention_in_days           = 14
      + skip_destroy                = false
      + tags_all                    = {
          + "Environment" = "demo"
          + "ManagedBy"   = "terraform"
          + "Project"     = "opspilot-ai"
        }
    }

  # aws_cloudwatch_log_group.flow will be created
  + resource "aws_cloudwatch_log_group" "flow" {
      + arn                         = (known after apply)
      + deletion_protection_enabled = (known after apply)
      + id                          = (known after apply)
      + kms_key_id                  = (known after apply)
      + log_group_class             = (known after apply)
      + name                        = "/opspilot/demo/vpc-flow-rejects"
      + name_prefix                 = (known after apply)
      + region                      = "us-east-1"
      + retention_in_days           = 14
      + skip_destroy                = false
      + tags_all                    = {
          + "Environment" = "demo"
          + "ManagedBy"   = "terraform"
          + "Project"     = "opspilot-ai"
        }
    }

  # aws_cloudwatch_log_group.migrate will be created
  + resource "aws_cloudwatch_log_group" "migrate" {
      + arn                         = (known after apply)
      + deletion_protection_enabled = (known after apply)
      + id                          = (known after apply)
      + kms_key_id                  = (known after apply)
      + log_group_class             = (known after apply)
      + name                        = "/opspilot/demo/migrate"
      + name_prefix                 = (known after apply)
      + region                      = "us-east-1"
      + retention_in_days           = 14
      + skip_destroy                = false
      + tags_all                    = {
          + "Environment" = "demo"
          + "ManagedBy"   = "terraform"
          + "Project"     = "opspilot-ai"
        }
    }

  # aws_db_instance.main will be created
  + resource "aws_db_instance" "main" {
      + address                               = (known after apply)
      + allocated_storage                     = 20
      + apply_immediately                     = false
      + arn                                   = (known after apply)
      + auto_minor_version_upgrade            = true
      + availability_zone                     = (known after apply)
      + backup_retention_period               = 7
      + backup_target                         = (known after apply)
      + backup_window                         = (known after apply)
      + ca_cert_identifier                    = (known after apply)
      + character_set_name                    = (known after apply)
      + copy_tags_to_snapshot                 = true
      + database_insights_mode                = (known after apply)
      + db_name                               = "opspilot"
      + db_subnet_group_name                  = "opspilot-demo"
      + dedicated_log_volume                  = false
      + delete_automated_backups              = true
      + deletion_protection                   = true
      + domain_fqdn                           = (known after apply)
      + enabled_cloudwatch_logs_exports       = [
          + "postgresql",
        ]
      + endpoint                              = (known after apply)
      + engine                                = "postgres"
      + engine_lifecycle_support              = (known after apply)
      + engine_version                        = "17.6"
      + engine_version_actual                 = (known after apply)
      + final_snapshot_identifier             = "opspilot-demo-final"
      + hosted_zone_id                        = (known after apply)
      + iam_database_authentication_enabled   = false
      + id                                    = (known after apply)
      + identifier                            = "opspilot-demo"
      + identifier_prefix                     = (known after apply)
      + instance_class                        = "db.t4g.micro"
      + iops                                  = (known after apply)
      + kms_key_id                            = (known after apply)
      + latest_restorable_time                = (known after apply)
      + license_model                         = (known after apply)
      + listener_endpoint                     = (known after apply)
      + maintenance_window                    = (known after apply)
      + manage_master_user_password           = true
      + master_user_secret                    = (known after apply)
      + master_user_secret_kms_key_id         = (known after apply)
      + max_allocated_storage                 = 40
      + monitoring_interval                   = 0
      + monitoring_role_arn                   = (known after apply)
      + multi_az                              = false
      + nchar_character_set_name              = (known after apply)
      + network_type                          = (known after apply)
      + option_group_name                     = (known after apply)
      + parameter_group_name                  = "opspilot-demo"
      + password_wo                           = (write-only attribute)
      + performance_insights_enabled          = false
      + performance_insights_kms_key_id       = (known after apply)
      + performance_insights_retention_period = (known after apply)
      + port                                  = (known after apply)
      + publicly_accessible                   = false
      + region                                = "us-east-1"
      + replica_mode                          = (known after apply)
      + replicas                              = (known after apply)
      + resource_id                           = (known after apply)
      + skip_final_snapshot                   = false
      + snapshot_identifier                   = (known after apply)
      + status                                = (known after apply)
      + storage_encrypted                     = true
      + storage_throughput                    = (known after apply)
      + storage_type                          = "gp3"
      + tags_all                              = {
          + "Environment" = "demo"
          + "ManagedBy"   = "terraform"
          + "Project"     = "opspilot-ai"
        }
      + timezone                              = (known after apply)
      + upgrade_rollout_order                 = (known after apply)
      + username                              = "opspilot_admin"
      + vpc_security_group_ids                = (known after apply)
    }

  # aws_db_parameter_group.main will be created
  + resource "aws_db_parameter_group" "main" {
      + arn          = (known after apply)
      + description  = "Managed by Terraform"
      + family       = "postgres17"
      + id           = (known after apply)
      + name         = "opspilot-demo"
      + name_prefix  = (known after apply)
      + region       = "us-east-1"
      + skip_destroy = false
      + tags_all     = {
          + "Environment" = "demo"
          + "ManagedBy"   = "terraform"
          + "Project"     = "opspilot-ai"
        }

      + parameter {
          + apply_method = "immediate"
          + name         = "log_min_duration_statement"
          + value        = "1000"
        }
      + parameter {
          + apply_method = "immediate"
          + name         = "rds.force_ssl"
          + value        = "1"
        }
    }

  # aws_db_subnet_group.main will be created
  + resource "aws_db_subnet_group" "main" {
      + arn                     = (known after apply)
      + description             = "Managed by Terraform"
      + id                      = (known after apply)
      + name                    = "opspilot-demo"
      + name_prefix             = (known after apply)
      + region                  = "us-east-1"
      + subnet_ids              = (known after apply)
      + supported_network_types = (known after apply)
      + tags_all                = {
          + "Environment" = "demo"
          + "ManagedBy"   = "terraform"
          + "Project"     = "opspilot-ai"
        }
      + vpc_id                  = (known after apply)
    }

  # aws_default_security_group.main will be created
  + resource "aws_default_security_group" "main" {
      + arn                    = (known after apply)
      + description            = (known after apply)
      + egress                 = (known after apply)
      + id                     = (known after apply)
      + ingress                = (known after apply)
      + name                   = (known after apply)
      + name_prefix            = (known after apply)
      + owner_id               = (known after apply)
      + region                 = "us-east-1"
      + revoke_rules_on_delete = false
      + tags_all               = {
          + "Environment" = "demo"
          + "ManagedBy"   = "terraform"
          + "Project"     = "opspilot-ai"
        }
      + vpc_id                 = (known after apply)
    }

  # aws_ecr_lifecycle_policy.api will be created
  + resource "aws_ecr_lifecycle_policy" "api" {
      + id          = (known after apply)
      + policy      = jsonencode(
            {
              + rules = [
                  + {
                      + action       = {
                          + type = "expire"
                        }
                      + description  = "Keep the 20 most recent images"
                      + rulePriority = 1
                      + selection    = {
                          + countNumber = 20
                          + countType   = "imageCountMoreThan"
                          + tagStatus   = "any"
                        }
                    },
                ]
            }
        )
      + region      = "us-east-1"
      + registry_id = (known after apply)
      + repository  = "opspilot-demo"
    }

  # aws_ecr_repository.api will be created
  + resource "aws_ecr_repository" "api" {
      + arn                  = (known after apply)
      + id                   = (known after apply)
      + image_tag_mutability = "IMMUTABLE"
      + name                 = "opspilot-demo"
      + region               = "us-east-1"
      + registry_id          = (known after apply)
      + repository_url       = (known after apply)
      + tags_all             = {
          + "Environment" = "demo"
          + "ManagedBy"   = "terraform"
          + "Project"     = "opspilot-ai"
        }

      + encryption_configuration {
          + encryption_type = "KMS"
          + kms_key         = (known after apply)
        }

      + image_scanning_configuration {
          + scan_on_push = true
        }
    }

  # aws_ecs_cluster.main will be created
  + resource "aws_ecs_cluster" "main" {
      + arn      = (known after apply)
      + id       = (known after apply)
      + name     = "opspilot-demo"
      + region   = "us-east-1"
      + tags_all = {
          + "Environment" = "demo"
          + "ManagedBy"   = "terraform"
          + "Project"     = "opspilot-ai"
        }

      + setting {
          + name  = "containerInsights"
          + value = "enabled"
        }
    }

  # aws_ecs_service.api will be created
  + resource "aws_ecs_service" "api" {
      + arn                                = (known after apply)
      + availability_zone_rebalancing      = (known after apply)
      + cluster                            = (known after apply)
      + deployment_maximum_percent         = 200
      + deployment_minimum_healthy_percent = 100
      + desired_count                      = 1
      + enable_ecs_managed_tags            = false
      + enable_execute_command             = false
      + health_check_grace_period_seconds  = 30
      + iam_role                           = (known after apply)
      + id                                 = (known after apply)
      + launch_type                        = "FARGATE"
      + name                               = "opspilot-demo-api"
      + platform_version                   = "1.4.0"
      + propagate_tags                     = "SERVICE"
      + region                             = "us-east-1"
      + scheduling_strategy                = "REPLICA"
      + tags_all                           = {
          + "Environment" = "demo"
          + "ManagedBy"   = "terraform"
          + "Project"     = "opspilot-ai"
        }
      + task_definition                    = (known after apply)
      + triggers                           = (known after apply)
      + wait_for_steady_state              = false

      + deployment_circuit_breaker {
          + enable   = true
          + rollback = true
        }

      + deployment_configuration (known after apply)

      + load_balancer {
          + container_name   = "api"
          + container_port   = 8000
          + target_group_arn = (known after apply)
            # (1 unchanged attribute hidden)
        }

      + network_configuration {
          + assign_public_ip = true
          + security_groups  = (known after apply)
          + subnets          = (known after apply)
        }
    }

  # aws_ecs_task_definition.api will be created
  + resource "aws_ecs_task_definition" "api" {
      + arn                      = (known after apply)
      + arn_without_revision     = (known after apply)
      + container_definitions    = (known after apply)
      + cpu                      = "512"
      + enable_fault_injection   = (known after apply)
      + execution_role_arn       = (known after apply)
      + family                   = "opspilot-demo-api"
      + id                       = (known after apply)
      + memory                   = "1024"
      + network_mode             = "awsvpc"
      + region                   = "us-east-1"
      + requires_compatibilities = [
          + "FARGATE",
        ]
      + revision                 = (known after apply)
      + skip_destroy             = false
      + tags_all                 = {
          + "Environment" = "demo"
          + "ManagedBy"   = "terraform"
          + "Project"     = "opspilot-ai"
        }
      + task_role_arn            = (known after apply)
      + track_latest             = false

      + runtime_platform {
          + cpu_architecture        = "X86_64"
          + operating_system_family = "LINUX"
        }

      + volume {
          + configure_at_launch = (known after apply)
          + name                = "tmp"
            # (1 unchanged attribute hidden)
        }
    }

  # aws_ecs_task_definition.migrate will be created
  + resource "aws_ecs_task_definition" "migrate" {
      + arn                      = (known after apply)
      + arn_without_revision     = (known after apply)
      + container_definitions    = (known after apply)
      + cpu                      = "256"
      + enable_fault_injection   = (known after apply)
      + execution_role_arn       = (known after apply)
      + family                   = "opspilot-demo-migrate"
      + id                       = (known after apply)
      + memory                   = "512"
      + network_mode             = "awsvpc"
      + region                   = "us-east-1"
      + requires_compatibilities = [
          + "FARGATE",
        ]
      + revision                 = (known after apply)
      + skip_destroy             = false
      + tags_all                 = {
          + "Environment" = "demo"
          + "ManagedBy"   = "terraform"
          + "Project"     = "opspilot-ai"
        }
      + task_role_arn            = (known after apply)
      + track_latest             = false

      + runtime_platform {
          + cpu_architecture        = "X86_64"
          + operating_system_family = "LINUX"
        }
    }

  # aws_flow_log.vpc will be created
  + resource "aws_flow_log" "vpc" {
      + arn                      = (known after apply)
      + iam_role_arn             = (known after apply)
      + id                       = (known after apply)
      + log_destination          = (known after apply)
      + log_destination_type     = "cloud-watch-logs"
      + log_format               = (known after apply)
      + max_aggregation_interval = 600
      + region                   = "us-east-1"
      + tags_all                 = {
          + "Environment" = "demo"
          + "ManagedBy"   = "terraform"
          + "Project"     = "opspilot-ai"
        }
      + traffic_type             = "REJECT"
      + vpc_id                   = (known after apply)
    }

  # aws_iam_role.execution will be created
  + resource "aws_iam_role" "execution" {
      + arn                   = (known after apply)
      + assume_role_policy    = jsonencode(
            {
              + Statement = [
                  + {
                      + Action    = "sts:AssumeRole"
                      + Condition = {
                          + ArnLike      = {
                              + "aws:SourceArn" = "arn:aws:ecs:us-east-1:000000000000:*"
                            }
                          + StringEquals = {
                              + "aws:SourceAccount" = "000000000000"
                            }
                        }
                      + Effect    = "Allow"
                      + Principal = {
                          + Service = "ecs-tasks.amazonaws.com"
                        }
                    },
                ]
              + Version   = "2012-10-17"
            }
        )
      + create_date           = (known after apply)
      + force_detach_policies = false
      + id                    = (known after apply)
      + managed_policy_arns   = (known after apply)
      + max_session_duration  = 3600
      + name                  = "opspilot-demo-execution"
      + name_prefix           = (known after apply)
      + path                  = "/"
      + tags_all              = {
          + "Environment" = "demo"
          + "ManagedBy"   = "terraform"
          + "Project"     = "opspilot-ai"
        }
      + unique_id             = (known after apply)

      + inline_policy (known after apply)
    }

  # aws_iam_role.flow_logs will be created
  + resource "aws_iam_role" "flow_logs" {
      + arn                   = (known after apply)
      + assume_role_policy    = jsonencode(
            {
              + Statement = [
                  + {
                      + Action    = "sts:AssumeRole"
                      + Condition = {
                          + StringEquals = {
                              + "aws:SourceAccount" = "000000000000"
                            }
                        }
                      + Effect    = "Allow"
                      + Principal = {
                          + Service = "vpc-flow-logs.amazonaws.com"
                        }
                    },
                ]
              + Version   = "2012-10-17"
            }
        )
      + create_date           = (known after apply)
      + force_detach_policies = false
      + id                    = (known after apply)
      + managed_policy_arns   = (known after apply)
      + max_session_duration  = 3600
      + name                  = "opspilot-demo-flow-logs"
      + name_prefix           = (known after apply)
      + path                  = "/"
      + tags_all              = {
          + "Environment" = "demo"
          + "ManagedBy"   = "terraform"
          + "Project"     = "opspilot-ai"
        }
      + unique_id             = (known after apply)

      + inline_policy (known after apply)
    }

  # aws_iam_role.migrate will be created
  + resource "aws_iam_role" "migrate" {
      + arn                   = (known after apply)
      + assume_role_policy    = jsonencode(
            {
              + Statement = [
                  + {
                      + Action    = "sts:AssumeRole"
                      + Condition = {
                          + ArnLike      = {
                              + "aws:SourceArn" = "arn:aws:ecs:us-east-1:000000000000:*"
                            }
                          + StringEquals = {
                              + "aws:SourceAccount" = "000000000000"
                            }
                        }
                      + Effect    = "Allow"
                      + Principal = {
                          + Service = "ecs-tasks.amazonaws.com"
                        }
                    },
                ]
              + Version   = "2012-10-17"
            }
        )
      + create_date           = (known after apply)
      + force_detach_policies = false
      + id                    = (known after apply)
      + managed_policy_arns   = (known after apply)
      + max_session_duration  = 3600
      + name                  = "opspilot-demo-migrate"
      + name_prefix           = (known after apply)
      + path                  = "/"
      + tags_all              = {
          + "Environment" = "demo"
          + "ManagedBy"   = "terraform"
          + "Project"     = "opspilot-ai"
        }
      + unique_id             = (known after apply)

      + inline_policy (known after apply)
    }

  # aws_iam_role.task will be created
  + resource "aws_iam_role" "task" {
      + arn                   = (known after apply)
      + assume_role_policy    = jsonencode(
            {
              + Statement = [
                  + {
                      + Action    = "sts:AssumeRole"
                      + Condition = {
                          + ArnLike      = {
                              + "aws:SourceArn" = "arn:aws:ecs:us-east-1:000000000000:*"
                            }
                          + StringEquals = {
                              + "aws:SourceAccount" = "000000000000"
                            }
                        }
                      + Effect    = "Allow"
                      + Principal = {
                          + Service = "ecs-tasks.amazonaws.com"
                        }
                    },
                ]
              + Version   = "2012-10-17"
            }
        )
      + create_date           = (known after apply)
      + force_detach_policies = false
      + id                    = (known after apply)
      + managed_policy_arns   = (known after apply)
      + max_session_duration  = 3600
      + name                  = "opspilot-demo-task"
      + name_prefix           = (known after apply)
      + path                  = "/"
      + tags_all              = {
          + "Environment" = "demo"
          + "ManagedBy"   = "terraform"
          + "Project"     = "opspilot-ai"
        }
      + unique_id             = (known after apply)

      + inline_policy (known after apply)
    }

  # aws_iam_role_policy.execution will be created
  + resource "aws_iam_role_policy" "execution" {
      + id          = (known after apply)
      + name        = "least-privilege"
      + name_prefix = (known after apply)
      + policy      = (known after apply)
      + role        = (known after apply)
    }

  # aws_iam_role_policy.flow_logs will be created
  + resource "aws_iam_role_policy" "flow_logs" {
      + id          = (known after apply)
      + name        = "write-flow-logs"
      + name_prefix = (known after apply)
      + policy      = (known after apply)
      + role        = (known after apply)
    }

  # aws_internet_gateway.main will be created
  + resource "aws_internet_gateway" "main" {
      + arn      = (known after apply)
      + id       = (known after apply)
      + owner_id = (known after apply)
      + region   = "us-east-1"
      + tags_all = {
          + "Environment" = "demo"
          + "ManagedBy"   = "terraform"
          + "Project"     = "opspilot-ai"
        }
      + vpc_id   = (known after apply)
    }

  # aws_kms_alias.main will be created
  + resource "aws_kms_alias" "main" {
      + arn            = (known after apply)
      + id             = (known after apply)
      + name           = "alias/opspilot-demo"
      + name_prefix    = (known after apply)
      + region         = "us-east-1"
      + target_key_arn = (known after apply)
      + target_key_id  = (known after apply)
    }

  # aws_kms_key.main will be created
  + resource "aws_kms_key" "main" {
      + arn                                = (known after apply)
      + bypass_policy_lockout_safety_check = false
      + customer_master_key_spec           = "SYMMETRIC_DEFAULT"
      + deletion_window_in_days            = 30
      + description                        = "opspilot-demo data at rest"
      + enable_key_rotation                = true
      + id                                 = (known after apply)
      + is_enabled                         = true
      + key_id                             = (known after apply)
      + key_usage                          = "ENCRYPT_DECRYPT"
      + multi_region                       = (known after apply)
      + policy                             = jsonencode(
            {
              + Statement = [
                  + {
                      + Action    = "kms:*"
                      + Effect    = "Allow"
                      + Principal = {
                          + AWS = "arn:aws:iam::000000000000:root"
                        }
                      + Resource  = "*"
                      + Sid       = "AccountAdministration"
                    },
                  + {
                      + Action    = [
                          + "kms:Encrypt*",
                          + "kms:Decrypt*",
                          + "kms:ReEncrypt*",
                          + "kms:GenerateDataKey*",
                          + "kms:Describe*",
                        ]
                      + Condition = {
                          + ArnLike = {
                              + "kms:EncryptionContext:aws:logs:arn" = "arn:aws:logs:us-east-1:000000000000:log-group:/opspilot/demo/*"
                            }
                        }
                      + Effect    = "Allow"
                      + Principal = {
                          + Service = "logs.us-east-1.amazonaws.com"
                        }
                      + Resource  = "*"
                      + Sid       = "CloudWatchLogs"
                    },
                ]
              + Version   = "2012-10-17"
            }
        )
      + region                             = "us-east-1"
      + rotation_period_in_days            = (known after apply)
      + tags_all                           = {
          + "Environment" = "demo"
          + "ManagedBy"   = "terraform"
          + "Project"     = "opspilot-ai"
        }
    }

  # aws_lb.api will be created
  + resource "aws_lb" "api" {
      + arn                                                          = (known after apply)
      + arn_suffix                                                   = (known after apply)
      + client_keep_alive                                            = 3600
      + desync_mitigation_mode                                       = "defensive"
      + dns_name                                                     = (known after apply)
      + drop_invalid_header_fields                                   = true
      + enable_deletion_protection                                   = true
      + enable_http2                                                 = true
      + enable_prefix_for_ipv6_source_nat                            = (known after apply)
      + enable_tls_version_and_cipher_suite_headers                  = false
      + enable_waf_fail_open                                         = false
      + enable_xff_client_port                                       = false
      + enable_zonal_shift                                           = false
      + enforce_security_group_inbound_rules_on_private_link_traffic = (known after apply)
      + id                                                           = (known after apply)
      + idle_timeout                                                 = 75
      + internal                                                     = false
      + ip_address_type                                              = (known after apply)
      + load_balancer_type                                           = "application"
      + name                                                         = "opspilot-demo"
      + name_prefix                                                  = (known after apply)
      + preserve_host_header                                         = false
      + region                                                       = "us-east-1"
      + secondary_ips_auto_assigned_per_subnet                       = (known after apply)
      + security_groups                                              = (known after apply)
      + subnets                                                      = (known after apply)
      + tags_all                                                     = {
          + "Environment" = "demo"
          + "ManagedBy"   = "terraform"
          + "Project"     = "opspilot-ai"
        }
      + vpc_id                                                       = (known after apply)
      + xff_header_processing_mode                                   = "append"
      + zone_id                                                      = (known after apply)

      + subnet_mapping (known after apply)
    }

  # aws_lb_listener.http_redirect will be created
  + resource "aws_lb_listener" "http_redirect" {
      + arn                                                                   = (known after apply)
      + id                                                                    = (known after apply)
      + load_balancer_arn                                                     = (known after apply)
      + port                                                                  = 80
      + protocol                                                              = "HTTP"
      + region                                                                = "us-east-1"
      + routing_http_request_x_amzn_mtls_clientcert_header_name               = (known after apply)
      + routing_http_request_x_amzn_mtls_clientcert_issuer_header_name        = (known after apply)
      + routing_http_request_x_amzn_mtls_clientcert_leaf_header_name          = (known after apply)
      + routing_http_request_x_amzn_mtls_clientcert_serial_number_header_name = (known after apply)
      + routing_http_request_x_amzn_mtls_clientcert_subject_header_name       = (known after apply)
      + routing_http_request_x_amzn_mtls_clientcert_validity_header_name      = (known after apply)
      + routing_http_request_x_amzn_tls_cipher_suite_header_name              = (known after apply)
      + routing_http_request_x_amzn_tls_version_header_name                   = (known after apply)
      + routing_http_response_access_control_allow_credentials_header_value   = (known after apply)
      + routing_http_response_access_control_allow_headers_header_value       = (known after apply)
      + routing_http_response_access_control_allow_methods_header_value       = (known after apply)
      + routing_http_response_access_control_allow_origin_header_value        = (known after apply)
      + routing_http_response_access_control_expose_headers_header_value      = (known after apply)
      + routing_http_response_access_control_max_age_header_value             = (known after apply)
      + routing_http_response_content_security_policy_header_value            = (known after apply)
      + routing_http_response_server_enabled                                  = (known after apply)
      + routing_http_response_strict_transport_security_header_value          = (known after apply)
      + routing_http_response_x_content_type_options_header_value             = (known after apply)
      + routing_http_response_x_frame_options_header_value                    = (known after apply)
      + ssl_policy                                                            = (known after apply)
      + tags_all                                                              = {
          + "Environment" = "demo"
          + "ManagedBy"   = "terraform"
          + "Project"     = "opspilot-ai"
        }
      + tcp_idle_timeout_seconds                                              = (known after apply)

      + default_action {
          + order = (known after apply)
          + type  = "redirect"

          + redirect {
              + host        = "#{host}"
              + path        = "/#{path}"
              + port        = "443"
              + protocol    = "HTTPS"
              + query       = "#{query}"
              + status_code = "HTTP_301"
            }
        }

      + mutual_authentication (known after apply)
    }

  # aws_lb_listener.https will be created
  + resource "aws_lb_listener" "https" {
      + arn                                                                   = (known after apply)
      + certificate_arn                                                       = "arn:aws:acm:us-east-1:000000000000:certificate/00000000-0000-0000-0000-000000000000"
      + id                                                                    = (known after apply)
      + load_balancer_arn                                                     = (known after apply)
      + port                                                                  = 443
      + protocol                                                              = "HTTPS"
      + region                                                                = "us-east-1"
      + routing_http_request_x_amzn_mtls_clientcert_header_name               = (known after apply)
      + routing_http_request_x_amzn_mtls_clientcert_issuer_header_name        = (known after apply)
      + routing_http_request_x_amzn_mtls_clientcert_leaf_header_name          = (known after apply)
      + routing_http_request_x_amzn_mtls_clientcert_serial_number_header_name = (known after apply)
      + routing_http_request_x_amzn_mtls_clientcert_subject_header_name       = (known after apply)
      + routing_http_request_x_amzn_mtls_clientcert_validity_header_name      = (known after apply)
      + routing_http_request_x_amzn_tls_cipher_suite_header_name              = (known after apply)
      + routing_http_request_x_amzn_tls_version_header_name                   = (known after apply)
      + routing_http_response_access_control_allow_credentials_header_value   = (known after apply)
      + routing_http_response_access_control_allow_headers_header_value       = (known after apply)
      + routing_http_response_access_control_allow_methods_header_value       = (known after apply)
      + routing_http_response_access_control_allow_origin_header_value        = (known after apply)
      + routing_http_response_access_control_expose_headers_header_value      = (known after apply)
      + routing_http_response_access_control_max_age_header_value             = (known after apply)
      + routing_http_response_content_security_policy_header_value            = (known after apply)
      + routing_http_response_server_enabled                                  = (known after apply)
      + routing_http_response_strict_transport_security_header_value          = (known after apply)
      + routing_http_response_x_content_type_options_header_value             = (known after apply)
      + routing_http_response_x_frame_options_header_value                    = (known after apply)
      + ssl_policy                                                            = "ELBSecurityPolicy-TLS13-1-2-2021-06"
      + tags_all                                                              = {
          + "Environment" = "demo"
          + "ManagedBy"   = "terraform"
          + "Project"     = "opspilot-ai"
        }
      + tcp_idle_timeout_seconds                                              = (known after apply)

      + default_action {
          + order            = (known after apply)
          + target_group_arn = (known after apply)
          + type             = "forward"
        }

      + mutual_authentication (known after apply)
    }

  # aws_lb_target_group.api will be created
  + resource "aws_lb_target_group" "api" {
      + arn                                = (known after apply)
      + arn_suffix                         = (known after apply)
      + connection_termination             = (known after apply)
      + deregistration_delay               = "20"
      + id                                 = (known after apply)
      + ip_address_type                    = (known after apply)
      + lambda_multi_value_headers_enabled = false
      + load_balancer_arns                 = (known after apply)
      + load_balancing_algorithm_type      = (known after apply)
      + load_balancing_anomaly_mitigation  = (known after apply)
      + load_balancing_cross_zone_enabled  = (known after apply)
      + name                               = "opspilot-demo"
      + name_prefix                        = (known after apply)
      + port                               = 8000
      + preserve_client_ip                 = (known after apply)
      + protocol                           = "HTTP"
      + protocol_version                   = (known after apply)
      + proxy_protocol_v2                  = false
      + region                             = "us-east-1"
      + slow_start                         = 0
      + tags_all                           = {
          + "Environment" = "demo"
          + "ManagedBy"   = "terraform"
          + "Project"     = "opspilot-ai"
        }
      + target_type                        = "ip"
      + vpc_id                             = (known after apply)

      + health_check {
          + enabled             = true
          + healthy_threshold   = 2
          + interval            = 15
          + matcher             = "200"
          + path                = "/ready"
          + port                = "traffic-port"
          + protocol            = "HTTP"
          + timeout             = 5
          + unhealthy_threshold = 3
        }

      + stickiness (known after apply)

      + target_failover (known after apply)

      + target_group_health (known after apply)

      + target_health_state (known after apply)
    }

  # aws_route_table.private will be created
  + resource "aws_route_table" "private" {
      + arn              = (known after apply)
      + id               = (known after apply)
      + owner_id         = (known after apply)
      + propagating_vgws = (known after apply)
      + region           = "us-east-1"
      + route            = (known after apply)
      + tags_all         = {
          + "Environment" = "demo"
          + "ManagedBy"   = "terraform"
          + "Project"     = "opspilot-ai"
        }
      + vpc_id           = (known after apply)
    }

  # aws_route_table.public will be created
  + resource "aws_route_table" "public" {
      + arn              = (known after apply)
      + id               = (known after apply)
      + owner_id         = (known after apply)
      + propagating_vgws = (known after apply)
      + region           = "us-east-1"
      + route            = [
          + {
              + cidr_block                 = "0.0.0.0/0"
              + gateway_id                 = (known after apply)
                # (12 unchanged attributes hidden)
            },
        ]
      + tags_all         = {
          + "Environment" = "demo"
          + "ManagedBy"   = "terraform"
          + "Project"     = "opspilot-ai"
        }
      + vpc_id           = (known after apply)
    }

  # aws_route_table_association.private[0] will be created
  + resource "aws_route_table_association" "private" {
      + id             = (known after apply)
      + region         = "us-east-1"
      + route_table_id = (known after apply)
      + subnet_id      = (known after apply)
    }

  # aws_route_table_association.private[1] will be created
  + resource "aws_route_table_association" "private" {
      + id             = (known after apply)
      + region         = "us-east-1"
      + route_table_id = (known after apply)
      + subnet_id      = (known after apply)
    }

  # aws_route_table_association.public[0] will be created
  + resource "aws_route_table_association" "public" {
      + id             = (known after apply)
      + region         = "us-east-1"
      + route_table_id = (known after apply)
      + subnet_id      = (known after apply)
    }

  # aws_route_table_association.public[1] will be created
  + resource "aws_route_table_association" "public" {
      + id             = (known after apply)
      + region         = "us-east-1"
      + route_table_id = (known after apply)
      + subnet_id      = (known after apply)
    }

  # aws_secretsmanager_secret.app["DATABASE_URL"] will be created
  + resource "aws_secretsmanager_secret" "app" {
      + arn                            = (known after apply)
      + description                    = "Runtime role opspilot_app: postgresql+asyncpg://opspilot_app:<urlencoded>@<rds-endpoint>:5432/opspilot?ssl=require"
      + force_overwrite_replica_secret = false
      + id                             = (known after apply)
      + kms_key_id                     = (known after apply)
      + name                           = "opspilot-demo/database-url"
      + name_prefix                    = (known after apply)
      + policy                         = (known after apply)
      + recovery_window_in_days        = 7
      + region                         = "us-east-1"
      + tags_all                       = {
          + "Environment" = "demo"
          + "ManagedBy"   = "terraform"
          + "Project"     = "opspilot-ai"
        }
    }

  # aws_secretsmanager_secret.app["GITLAB_TOKEN"] will be created
  + resource "aws_secretsmanager_secret" "app" {
      + arn                            = (known after apply)
      + description                    = "Project access token, Reporter, scope api, short expiry"
      + force_overwrite_replica_secret = false
      + id                             = (known after apply)
      + kms_key_id                     = (known after apply)
      + name                           = "opspilot-demo/gitlab-token"
      + name_prefix                    = (known after apply)
      + policy                         = (known after apply)
      + recovery_window_in_days        = 7
      + region                         = "us-east-1"
      + tags_all                       = {
          + "Environment" = "demo"
          + "ManagedBy"   = "terraform"
          + "Project"     = "opspilot-ai"
        }
    }

  # aws_secretsmanager_secret.app["OPENAI_API_KEY"] will be created
  + resource "aws_secretsmanager_secret" "app" {
      + arn                            = (known after apply)
      + description                    = "OpenAI project key with a spend limit"
      + force_overwrite_replica_secret = false
      + id                             = (known after apply)
      + kms_key_id                     = (known after apply)
      + name                           = "opspilot-demo/openai-api-key"
      + name_prefix                    = (known after apply)
      + policy                         = (known after apply)
      + recovery_window_in_days        = 7
      + region                         = "us-east-1"
      + tags_all                       = {
          + "Environment" = "demo"
          + "ManagedBy"   = "terraform"
          + "Project"     = "opspilot-ai"
        }
    }

  # aws_secretsmanager_secret.app["TENANT_TOKENS"] will be created
  + resource "aws_secretsmanager_secret" "app" {
      + arn                            = (known after apply)
      + description                    = "JSON token -> principal map (>=32 random characters per token)"
      + force_overwrite_replica_secret = false
      + id                             = (known after apply)
      + kms_key_id                     = (known after apply)
      + name                           = "opspilot-demo/tenant-tokens"
      + name_prefix                    = (known after apply)
      + policy                         = (known after apply)
      + recovery_window_in_days        = 7
      + region                         = "us-east-1"
      + tags_all                       = {
          + "Environment" = "demo"
          + "ManagedBy"   = "terraform"
          + "Project"     = "opspilot-ai"
        }
    }

  # aws_secretsmanager_secret.migration["MIGRATION_DATABASE_URL"] will be created
  + resource "aws_secretsmanager_secret" "migration" {
      + arn                            = (known after apply)
      + description                    = "Owner role used only by the one-off migration task (ssl=require)"
      + force_overwrite_replica_secret = false
      + id                             = (known after apply)
      + kms_key_id                     = (known after apply)
      + name                           = "opspilot-demo/migration-database-url"
      + name_prefix                    = (known after apply)
      + policy                         = (known after apply)
      + recovery_window_in_days        = 7
      + region                         = "us-east-1"
      + tags_all                       = {
          + "Environment" = "demo"
          + "ManagedBy"   = "terraform"
          + "Project"     = "opspilot-ai"
        }
    }

  # aws_security_group.alb will be created
  + resource "aws_security_group" "alb" {
      + arn                    = (known after apply)
      + description            = "Public HTTPS entry point"
      + egress                 = (known after apply)
      + id                     = (known after apply)
      + ingress                = (known after apply)
      + name                   = "opspilot-demo-alb"
      + name_prefix            = (known after apply)
      + owner_id               = (known after apply)
      + region                 = "us-east-1"
      + revoke_rules_on_delete = false
      + tags_all               = {
          + "Environment" = "demo"
          + "ManagedBy"   = "terraform"
          + "Project"     = "opspilot-ai"
        }
      + vpc_id                 = (known after apply)
    }

  # aws_security_group.api will be created
  + resource "aws_security_group" "api" {
      + arn                    = (known after apply)
      + description            = "API tasks: inbound from the ALB only"
      + egress                 = (known after apply)
      + id                     = (known after apply)
      + ingress                = (known after apply)
      + name                   = "opspilot-demo-api"
      + name_prefix            = (known after apply)
      + owner_id               = (known after apply)
      + region                 = "us-east-1"
      + revoke_rules_on_delete = false
      + tags_all               = {
          + "Environment" = "demo"
          + "ManagedBy"   = "terraform"
          + "Project"     = "opspilot-ai"
        }
      + vpc_id                 = (known after apply)
    }

  # aws_security_group.db will be created
  + resource "aws_security_group" "db" {
      + arn                    = (known after apply)
      + description            = "RDS: inbound from API and migration tasks only; no egress"
      + egress                 = (known after apply)
      + id                     = (known after apply)
      + ingress                = (known after apply)
      + name                   = "opspilot-demo-db"
      + name_prefix            = (known after apply)
      + owner_id               = (known after apply)
      + region                 = "us-east-1"
      + revoke_rules_on_delete = false
      + tags_all               = {
          + "Environment" = "demo"
          + "ManagedBy"   = "terraform"
          + "Project"     = "opspilot-ai"
        }
      + vpc_id                 = (known after apply)
    }

  # aws_subnet.private[0] will be created
  + resource "aws_subnet" "private" {
      + arn                                            = (known after apply)
      + assign_ipv6_address_on_creation                = false
      + availability_zone                              = "us-east-1a"
      + availability_zone_id                           = (known after apply)
      + cidr_block                                     = "10.40.10.0/24"
      + enable_dns64                                   = false
      + enable_resource_name_dns_a_record_on_launch    = false
      + enable_resource_name_dns_aaaa_record_on_launch = false
      + id                                             = (known after apply)
      + ipv6_cidr_block                                = (known after apply)
      + ipv6_cidr_block_association_id                 = (known after apply)
      + ipv6_native                                    = false
      + map_public_ip_on_launch                        = false
      + owner_id                                       = (known after apply)
      + private_dns_hostname_type_on_launch            = (known after apply)
      + region                                         = "us-east-1"
      + tags                                           = {
          + "Name" = "opspilot-demo-private-0"
          + "Tier" = "private"
        }
      + tags_all                                       = {
          + "Environment" = "demo"
          + "ManagedBy"   = "terraform"
          + "Name"        = "opspilot-demo-private-0"
          + "Project"     = "opspilot-ai"
          + "Tier"        = "private"
        }
      + vpc_id                                         = (known after apply)
    }

  # aws_subnet.private[1] will be created
  + resource "aws_subnet" "private" {
      + arn                                            = (known after apply)
      + assign_ipv6_address_on_creation                = false
      + availability_zone                              = "us-east-1b"
      + availability_zone_id                           = (known after apply)
      + cidr_block                                     = "10.40.11.0/24"
      + enable_dns64                                   = false
      + enable_resource_name_dns_a_record_on_launch    = false
      + enable_resource_name_dns_aaaa_record_on_launch = false
      + id                                             = (known after apply)
      + ipv6_cidr_block                                = (known after apply)
      + ipv6_cidr_block_association_id                 = (known after apply)
      + ipv6_native                                    = false
      + map_public_ip_on_launch                        = false
      + owner_id                                       = (known after apply)
      + private_dns_hostname_type_on_launch            = (known after apply)
      + region                                         = "us-east-1"
      + tags                                           = {
          + "Name" = "opspilot-demo-private-1"
          + "Tier" = "private"
        }
      + tags_all                                       = {
          + "Environment" = "demo"
          + "ManagedBy"   = "terraform"
          + "Name"        = "opspilot-demo-private-1"
          + "Project"     = "opspilot-ai"
          + "Tier"        = "private"
        }
      + vpc_id                                         = (known after apply)
    }

  # aws_subnet.public[0] will be created
  + resource "aws_subnet" "public" {
      + arn                                            = (known after apply)
      + assign_ipv6_address_on_creation                = false
      + availability_zone                              = "us-east-1a"
      + availability_zone_id                           = (known after apply)
      + cidr_block                                     = "10.40.0.0/24"
      + enable_dns64                                   = false
      + enable_resource_name_dns_a_record_on_launch    = false
      + enable_resource_name_dns_aaaa_record_on_launch = false
      + id                                             = (known after apply)
      + ipv6_cidr_block                                = (known after apply)
      + ipv6_cidr_block_association_id                 = (known after apply)
      + ipv6_native                                    = false
      + map_public_ip_on_launch                        = false
      + owner_id                                       = (known after apply)
      + private_dns_hostname_type_on_launch            = (known after apply)
      + region                                         = "us-east-1"
      + tags                                           = {
          + "Name" = "opspilot-demo-public-0"
          + "Tier" = "public"
        }
      + tags_all                                       = {
          + "Environment" = "demo"
          + "ManagedBy"   = "terraform"
          + "Name"        = "opspilot-demo-public-0"
          + "Project"     = "opspilot-ai"
          + "Tier"        = "public"
        }
      + vpc_id                                         = (known after apply)
    }

  # aws_subnet.public[1] will be created
  + resource "aws_subnet" "public" {
      + arn                                            = (known after apply)
      + assign_ipv6_address_on_creation                = false
      + availability_zone                              = "us-east-1b"
      + availability_zone_id                           = (known after apply)
      + cidr_block                                     = "10.40.1.0/24"
      + enable_dns64                                   = false
      + enable_resource_name_dns_a_record_on_launch    = false
      + enable_resource_name_dns_aaaa_record_on_launch = false
      + id                                             = (known after apply)
      + ipv6_cidr_block                                = (known after apply)
      + ipv6_cidr_block_association_id                 = (known after apply)
      + ipv6_native                                    = false
      + map_public_ip_on_launch                        = false
      + owner_id                                       = (known after apply)
      + private_dns_hostname_type_on_launch            = (known after apply)
      + region                                         = "us-east-1"
      + tags                                           = {
          + "Name" = "opspilot-demo-public-1"
          + "Tier" = "public"
        }
      + tags_all                                       = {
          + "Environment" = "demo"
          + "ManagedBy"   = "terraform"
          + "Name"        = "opspilot-demo-public-1"
          + "Project"     = "opspilot-ai"
          + "Tier"        = "public"
        }
      + vpc_id                                         = (known after apply)
    }

  # aws_vpc.main will be created
  + resource "aws_vpc" "main" {
      + arn                                  = (known after apply)
      + cidr_block                           = "10.40.0.0/16"
      + default_network_acl_id               = (known after apply)
      + default_route_table_id               = (known after apply)
      + default_security_group_id            = (known after apply)
      + dhcp_options_id                      = (known after apply)
      + enable_dns_hostnames                 = true
      + enable_dns_support                   = true
      + enable_network_address_usage_metrics = (known after apply)
      + id                                   = (known after apply)
      + instance_tenancy                     = "default"
      + ipv6_association_id                  = (known after apply)
      + ipv6_cidr_block                      = (known after apply)
      + ipv6_cidr_block_network_border_group = (known after apply)
      + main_route_table_id                  = (known after apply)
      + owner_id                             = (known after apply)
      + region                               = "us-east-1"
      + tags                                 = {
          + "Name" = "opspilot-demo"
        }
      + tags_all                             = {
          + "Environment" = "demo"
          + "ManagedBy"   = "terraform"
          + "Name"        = "opspilot-demo"
          + "Project"     = "opspilot-ai"
        }
    }

  # aws_vpc_security_group_egress_rule.alb_to_api will be created
  + resource "aws_vpc_security_group_egress_rule" "alb_to_api" {
      + arn                          = (known after apply)
      + description                  = "Forward to API tasks only"
      + from_port                    = 8000
      + id                           = (known after apply)
      + ip_protocol                  = "tcp"
      + referenced_security_group_id = (known after apply)
      + region                       = "us-east-1"
      + security_group_id            = (known after apply)
      + security_group_rule_id       = (known after apply)
      + tags_all                     = {
          + "Environment" = "demo"
          + "ManagedBy"   = "terraform"
          + "Project"     = "opspilot-ai"
        }
      + to_port                      = 8000
    }

  # aws_vpc_security_group_egress_rule.api_db will be created
  + resource "aws_vpc_security_group_egress_rule" "api_db" {
      + arn                          = (known after apply)
      + description                  = "PostgreSQL"
      + from_port                    = 5432
      + id                           = (known after apply)
      + ip_protocol                  = "tcp"
      + referenced_security_group_id = (known after apply)
      + region                       = "us-east-1"
      + security_group_id            = (known after apply)
      + security_group_rule_id       = (known after apply)
      + tags_all                     = {
          + "Environment" = "demo"
          + "ManagedBy"   = "terraform"
          + "Project"     = "opspilot-ai"
        }
      + to_port                      = 5432
    }

  # aws_vpc_security_group_egress_rule.api_https will be created
  + resource "aws_vpc_security_group_egress_rule" "api_https" {
      + arn                    = (known after apply)
      + cidr_ipv4              = "0.0.0.0/0"
      + description            = "HTTPS to external APIs and AWS endpoints"
      + from_port              = 443
      + id                     = (known after apply)
      + ip_protocol            = "tcp"
      + region                 = "us-east-1"
      + security_group_id      = (known after apply)
      + security_group_rule_id = (known after apply)
      + tags_all               = {
          + "Environment" = "demo"
          + "ManagedBy"   = "terraform"
          + "Project"     = "opspilot-ai"
        }
      + to_port                = 443
    }

  # aws_vpc_security_group_ingress_rule.alb_http["0.0.0.0/0"] will be created
  + resource "aws_vpc_security_group_ingress_rule" "alb_http" {
      + arn                    = (known after apply)
      + cidr_ipv4              = "0.0.0.0/0"
      + description            = "HTTP, redirected to HTTPS only"
      + from_port              = 80
      + id                     = (known after apply)
      + ip_protocol            = "tcp"
      + region                 = "us-east-1"
      + security_group_id      = (known after apply)
      + security_group_rule_id = (known after apply)
      + tags_all               = {
          + "Environment" = "demo"
          + "ManagedBy"   = "terraform"
          + "Project"     = "opspilot-ai"
        }
      + to_port                = 80
    }

  # aws_vpc_security_group_ingress_rule.alb_https["0.0.0.0/0"] will be created
  + resource "aws_vpc_security_group_ingress_rule" "alb_https" {
      + arn                    = (known after apply)
      + cidr_ipv4              = "0.0.0.0/0"
      + description            = "HTTPS"
      + from_port              = 443
      + id                     = (known after apply)
      + ip_protocol            = "tcp"
      + region                 = "us-east-1"
      + security_group_id      = (known after apply)
      + security_group_rule_id = (known after apply)
      + tags_all               = {
          + "Environment" = "demo"
          + "ManagedBy"   = "terraform"
          + "Project"     = "opspilot-ai"
        }
      + to_port                = 443
    }

  # aws_vpc_security_group_ingress_rule.api_from_alb will be created
  + resource "aws_vpc_security_group_ingress_rule" "api_from_alb" {
      + arn                          = (known after apply)
      + description                  = "ALB to uvicorn"
      + from_port                    = 8000
      + id                           = (known after apply)
      + ip_protocol                  = "tcp"
      + referenced_security_group_id = (known after apply)
      + region                       = "us-east-1"
      + security_group_id            = (known after apply)
      + security_group_rule_id       = (known after apply)
      + tags_all                     = {
          + "Environment" = "demo"
          + "ManagedBy"   = "terraform"
          + "Project"     = "opspilot-ai"
        }
      + to_port                      = 8000
    }

  # aws_vpc_security_group_ingress_rule.db_from_api will be created
  + resource "aws_vpc_security_group_ingress_rule" "db_from_api" {
      + arn                          = (known after apply)
      + description                  = "PostgreSQL from tasks"
      + from_port                    = 5432
      + id                           = (known after apply)
      + ip_protocol                  = "tcp"
      + referenced_security_group_id = (known after apply)
      + region                       = "us-east-1"
      + security_group_id            = (known after apply)
      + security_group_rule_id       = (known after apply)
      + tags_all                     = {
          + "Environment" = "demo"
          + "ManagedBy"   = "terraform"
          + "Project"     = "opspilot-ai"
        }
      + to_port                      = 5432
    }

Plan: 53 to add, 0 to change, 0 to destroy.

Changes to Outputs:
  + alb_dns_name              = (known after apply)
  + db_endpoint               = (known after apply)
  + db_master_secret_arn      = (known after apply)
  + ecr_repository_url        = (known after apply)
  + migration_task_definition = (known after apply)
  + secret_arns               = {
      + DATABASE_URL           = (known after apply)
      + GITLAB_TOKEN           = (known after apply)
      + MIGRATION_DATABASE_URL = (known after apply)
      + OPENAI_API_KEY         = (known after apply)
      + TENANT_TOKENS          = (known after apply)
    }

─────────────────────────────────────────────────────────────────────────────

Saved the plan to: /workspace/.opspilot-runtime/phase4/no-collector.tfplan

To perform exactly these actions, run the following command to apply:
    terraform apply "/workspace/.opspilot-runtime/phase4/no-collector.tfplan"
